,approvedSymbol,approvedName,prefName,drugType,drugId,phase,ctIds,id,disease
0,SLC6A4,solute carrier family 6 member 4,NORTRIPTYLINE HYDROCHLORIDE,Small molecule,CHEMBL1201156,4.0,[],EFO_0003761,unipolar depression
1,DRD5,dopamine receptor D5,AMOXAPINE,Small molecule,CHEMBL1113,4.0,[],EFO_0003761,unipolar depression
2,GSK3B,glycogen synthase kinase 3 beta,LITHIUM CARBONATE,Small molecule,CHEMBL1200826,4.0,[],EFO_0003761,unipolar depression
3,GRIN2C,glutamate ionotropic receptor NMDA type subunit 2C,ESKETAMINE,Small molecule,CHEMBL395091,4.0,['NCT05698394'],EFO_0003761,unipolar depression
4,GRIN3B,glutamate ionotropic receptor NMDA type subunit 3B,ESKETAMINE,Small molecule,CHEMBL395091,4.0,['NCT05698394'],EFO_0003761,unipolar depression
5,HTR2C,5-hydroxytryptamine receptor 2C,AGOMELATINE,Small molecule,CHEMBL10878,4.0,[],EFO_0003761,unipolar depression
6,SLC6A4,solute carrier family 6 member 4,NEFAZODONE HYDROCHLORIDE,Small molecule,CHEMBL1200492,4.0,[],EFO_0003761,unipolar depression
7,PGR,progesterone receptor,MEDROXYPROGESTERONE ACETATE,Small molecule,CHEMBL717,4.0,['NCT01463202'],EFO_0003761,unipolar depression
8,GABRQ,gamma-aminobutyric acid type A receptor subunit theta,BREXANOLONE,Small molecule,CHEMBL207538,4.0,[],EFO_0003761,unipolar depression
9,GABRG2,gamma-aminobutyric acid type A receptor subunit gamma2,PROPOFOL,Small molecule,CHEMBL526,4.0,['NCT01935115'],EFO_0003761,unipolar depression
10,GABRD,gamma-aminobutyric acid type A receptor subunit delta,PROPOFOL,Small molecule,CHEMBL526,4.0,['NCT01935115'],EFO_0003761,unipolar depression
11,ADRA2B,adrenoceptor alpha 2B,MIRTAZAPINE,Small molecule,CHEMBL654,4.0,[],EFO_0003761,unipolar depression
12,SLC6A2,solute carrier family 6 member 2,MAPROTILINE,Small molecule,CHEMBL21731,4.0,[],EFO_0003761,unipolar depression
13,GRIN1,glutamate ionotropic receptor NMDA type subunit 1,KETAMINE,Small molecule,CHEMBL742,4.0,['NCT03336541'],EFO_0003761,unipolar depression
14,GABRP,gamma-aminobutyric acid type A receptor subunit pi,BREXANOLONE,Small molecule,CHEMBL207538,4.0,[],EFO_0003761,unipolar depression
15,GABRE,gamma-aminobutyric acid type A receptor subunit epsilon,BREXANOLONE,Small molecule,CHEMBL207538,4.0,['NCT04273191'],EFO_0003761,unipolar depression
16,SLC6A4,solute carrier family 6 member 4,SERTRALINE,Small molecule,CHEMBL809,4.0,[],EFO_0003761,unipolar depression
17,MAOA,monoamine oxidase A,MINAPRINE,Small molecule,CHEMBL278819,4.0,[],EFO_0003761,unipolar depression
18,GABRA3,gamma-aminobutyric acid type A receptor subunit alpha3,BREXANOLONE,Small molecule,CHEMBL207538,4.0,['NCT04273191'],EFO_0003761,unipolar depression
19,GRIN2D,glutamate ionotropic receptor NMDA type subunit 2D,KETAMINE,Small molecule,CHEMBL742,4.0,"['NCT03156504', 'NCT01881763']",EFO_0003761,unipolar depression
20,SLC6A4,solute carrier family 6 member 4,DESVENLAFAXINE,Small molecule,CHEMBL1118,4.0,[],EFO_0003761,unipolar depression
21,GRIN2D,glutamate ionotropic receptor NMDA type subunit 2D,ESKETAMINE,Small molecule,CHEMBL395091,4.0,['NCT05229913'],EFO_0003761,unipolar depression
22,HTR2C,5-hydroxytryptamine receptor 2C,QUETIAPINE,Small molecule,CHEMBL716,4.0,[],EFO_0003761,unipolar depression
23,GABRG1,gamma-aminobutyric acid type A receptor subunit gamma1,BREXANOLONE,Small molecule,CHEMBL207538,4.0,['NCT05059600'],EFO_0003761,unipolar depression
24,ALDH5A1,aldehyde dehydrogenase 5 family member A1,VALPROIC ACID,Small molecule,CHEMBL109,4.0,[],EFO_0003761,unipolar depression
25,GRIN3A,glutamate ionotropic receptor NMDA type subunit 3A,KETAMINE,Small molecule,CHEMBL742,4.0,"['NCT01935115', 'NCT04504175']",EFO_0003761,unipolar depression
26,HTR3C,5-hydroxytryptamine receptor 3C,ZIMELDINE,Small molecule,CHEMBL37744,4.0,[],EFO_0003761,unipolar depression
27,GABRP,gamma-aminobutyric acid type A receptor subunit pi,PROPOFOL,Small molecule,CHEMBL526,4.0,['NCT01935115'],EFO_0003761,unipolar depression
28,GABRP,gamma-aminobutyric acid type A receptor subunit pi,BREXANOLONE,Small molecule,CHEMBL207538,4.0,['NCT05059600'],EFO_0003761,unipolar depression
29,GRIN3B,glutamate ionotropic receptor NMDA type subunit 3B,ESKETAMINE,Small molecule,CHEMBL395091,4.0,['NCT05229913'],EFO_0003761,unipolar depression
30,GABRB3,gamma-aminobutyric acid type A receptor subunit beta3,PROPOFOL,Small molecule,CHEMBL526,4.0,['NCT01935115'],EFO_0003761,unipolar depression
31,HTR2C,5-hydroxytryptamine receptor 2C,RISPERIDONE,Small molecule,CHEMBL85,4.0,['NCT00178854'],EFO_0003761,unipolar depression
32,ADRA2A,adrenoceptor alpha 2A,MIRTAZAPINE,Small molecule,CHEMBL654,4.0,[],EFO_0003761,unipolar depression
33,GABRG1,gamma-aminobutyric acid type A receptor subunit gamma1,LORAZEPAM,Small molecule,CHEMBL580,4.0,['NCT02407704'],EFO_0003761,unipolar depression
34,SLC6A2,solute carrier family 6 member 2,PROTRIPTYLINE,Small molecule,CHEMBL668,4.0,[],EFO_0003761,unipolar depression
35,GABRA2,gamma-aminobutyric acid type A receptor subunit alpha2,BREXANOLONE,Small molecule,CHEMBL207538,4.0,[],EFO_0003761,unipolar depression
36,GRIN2D,glutamate ionotropic receptor NMDA type subunit 2D,KETAMINE,Small molecule,CHEMBL742,4.0,['NCT03272698'],EFO_0003761,unipolar depression
37,SLC6A4,solute carrier family 6 member 4,AMOXAPINE,Small molecule,CHEMBL1113,4.0,[],EFO_0003761,unipolar depression
38,HTR2A,5-hydroxytryptamine receptor 2A,NEFAZODONE HYDROCHLORIDE,Small molecule,CHEMBL1200492,4.0,[],EFO_0003761,unipolar depression
39,GRIN3B,glutamate ionotropic receptor NMDA type subunit 3B,KETAMINE,Small molecule,CHEMBL742,4.0,"['NCT03156504', 'NCT01881763']",EFO_0003761,unipolar depression
40,GRIN2A,glutamate ionotropic receptor NMDA type subunit 2A,ESKETAMINE,Small molecule,CHEMBL395091,4.0,['NCT05229913'],EFO_0003761,unipolar depression
41,SLC6A4,solute carrier family 6 member 4,CLOMIPRAMINE,Small molecule,CHEMBL415,4.0,[],EFO_0003761,unipolar depression
42,GABRB3,gamma-aminobutyric acid type A receptor subunit beta3,BREXANOLONE,Small molecule,CHEMBL207538,4.0,['NCT04273191'],EFO_0003761,unipolar depression
43,SLC6A4,solute carrier family 6 member 4,VILAZODONE,Small molecule,CHEMBL439849,4.0,[],EFO_0003761,unipolar depression
44,SLC6A2,solute carrier family 6 member 2,NEFAZODONE,Small molecule,CHEMBL623,4.0,[],EFO_0003761,unipolar depression
45,GABRA4,gamma-aminobutyric acid type A receptor subunit alpha4,PROPOFOL,Small molecule,CHEMBL526,4.0,['NCT01935115'],EFO_0003761,unipolar depression
46,GRIN2C,glutamate ionotropic receptor NMDA type subunit 2C,AMANTADINE,Small molecule,CHEMBL660,4.0,['NCT04936126'],EFO_0003761,unipolar depression
47,GRIN2B,glutamate ionotropic receptor NMDA type subunit 2B,AMANTADINE,Small molecule,CHEMBL660,4.0,['NCT04936126'],EFO_0003761,unipolar depression
48,SLC6A2,solute carrier family 6 member 2,AMOXAPINE,Small molecule,CHEMBL1113,4.0,[],EFO_0003761,unipolar depression
49,GRIN1,glutamate ionotropic receptor NMDA type subunit 1,KETAMINE,Small molecule,CHEMBL742,4.0,"['NCT01881763', 'NCT03156504']",EFO_0003761,unipolar depression
50,MAOA,monoamine oxidase A,ISOCARBOXAZID,Small molecule,CHEMBL1201168,4.0,[],EFO_0003761,unipolar depression
51,GABRG3,gamma-aminobutyric acid type A receptor subunit gamma3,LORAZEPAM,Small molecule,CHEMBL580,4.0,[],EFO_0003761,unipolar depression
52,SLC6A2,solute carrier family 6 member 2,BUPROPION,Small molecule,CHEMBL894,4.0,['NCT02960763'],EFO_0003761,unipolar depression
53,HTR3E,5-hydroxytryptamine receptor 3E,ZIMELDINE,Small molecule,CHEMBL37744,4.0,[],EFO_0003761,unipolar depression
54,GRIN2B,glutamate ionotropic receptor NMDA type subunit 2B,KETAMINE,Small molecule,CHEMBL742,4.0,['NCT03272698'],EFO_0003761,unipolar depression
55,MAOB,monoamine oxidase B,SELEGILINE,Small molecule,CHEMBL972,4.0,[],EFO_0003761,unipolar depression
56,HTR2C,5-hydroxytryptamine receptor 2C,QUETIAPINE FUMARATE,Small molecule,CHEMBL3188993,4.0,[],EFO_0003761,unipolar depression
57,GABRG3,gamma-aminobutyric acid type A receptor subunit gamma3,LORAZEPAM,Small molecule,CHEMBL580,4.0,['NCT02407704'],EFO_0003761,unipolar depression
58,SLC6A4,solute carrier family 6 member 4,MILNACIPRAN,Small molecule,CHEMBL259209,4.0,[],EFO_0003761,unipolar depression
59,GRIN3B,glutamate ionotropic receptor NMDA type subunit 3B,KETAMINE HYDROCHLORIDE,Small molecule,CHEMBL1714,4.0,['NCT03156504'],EFO_0003761,unipolar depression
60,HTR3A,5-hydroxytryptamine receptor 3A,ZIMELDINE,Small molecule,CHEMBL37744,4.0,[],EFO_0003761,unipolar depression
61,SLC6A4,solute carrier family 6 member 4,AMITRIPTYLINE HYDROCHLORIDE,Small molecule,CHEMBL1200964,4.0,[],EFO_0003761,unipolar depression
62,GABRA3,gamma-aminobutyric acid type A receptor subunit alpha3,PROPOFOL,Small molecule,CHEMBL526,4.0,['NCT01935115'],EFO_0003761,unipolar depression
63,HTR2C,5-hydroxytryptamine receptor 2C,TRAZODONE HYDROCHLORIDE,Small molecule,CHEMBL1200798,4.0,[],EFO_0003761,unipolar depression
64,GRIN2B,glutamate ionotropic receptor NMDA type subunit 2B,ESKETAMINE HYDROCHLORIDE,Small molecule,CHEMBL2364609,4.0,[],EFO_0003761,unipolar depression
65,GABRA1,gamma-aminobutyric acid type A receptor subunit alpha1,BREXANOLONE,Small molecule,CHEMBL207538,4.0,['NCT05059600'],EFO_0003761,unipolar depression
66,GABRA6,gamma-aminobutyric acid type A receptor subunit alpha6,PROPOFOL,Small molecule,CHEMBL526,4.0,['NCT01935115'],EFO_0003761,unipolar depression
67,GABRA4,gamma-aminobutyric acid type A receptor subunit alpha4,BREXANOLONE,Small molecule,CHEMBL207538,4.0,[],EFO_0003761,unipolar depression
68,SLC6A4,solute carrier family 6 member 4,VENLAFAXINE HYDROCHLORIDE,Small molecule,CHEMBL1201066,4.0,['NCT02407704'],EFO_0003761,unipolar depression
69,GRIN2A,glutamate ionotropic receptor NMDA type subunit 2A,KETAMINE,Small molecule,CHEMBL742,4.0,['NCT03272698'],EFO_0003761,unipolar depression
70,HTR4,5-hydroxytryptamine receptor 4,ZIMELDINE,Small molecule,CHEMBL37744,4.0,[],EFO_0003761,unipolar depression
71,HTR2B,5-hydroxytryptamine receptor 2B,MINAPRINE,Small molecule,CHEMBL278819,4.0,[],EFO_0003761,unipolar depression
72,SLC6A4,solute carrier family 6 member 4,LEVOMILNACIPRAN HYDROCHLORIDE,Small molecule,CHEMBL2105732,4.0,[],EFO_0003761,unipolar depression
73,GRIN2A,glutamate ionotropic receptor NMDA type subunit 2A,ESKETAMINE,Small molecule,CHEMBL395091,4.0,['NCT05698394'],EFO_0003761,unipolar depression
74,MAOB,monoamine oxidase B,PHENELZINE,Small molecule,CHEMBL1089,4.0,[],EFO_0003761,unipolar depression
75,SLC6A4,solute carrier family 6 member 4,ESCITALOPRAM,Small molecule,CHEMBL1508,4.0,[],EFO_0003761,unipolar depression
76,SLC6A2,solute carrier family 6 member 2,DOTHIEPIN,Small molecule,CHEMBL1492500,4.0,[],EFO_0003761,unipolar depression
77,GABRP,gamma-aminobutyric acid type A receptor subunit pi,BREXANOLONE,Small molecule,CHEMBL207538,4.0,['NCT04273191'],EFO_0003761,unipolar depression
78,DRD3,dopamine receptor D3,OLANZAPINE,Small molecule,CHEMBL715,4.0,[],EFO_0003761,unipolar depression
79,GRIN2C,glutamate ionotropic receptor NMDA type subunit 2C,KETAMINE,Small molecule,CHEMBL742,4.0,"['NCT01881763', 'NCT03156504']",EFO_0003761,unipolar depression
80,GRIN1,glutamate ionotropic receptor NMDA type subunit 1,ESKETAMINE,Small molecule,CHEMBL395091,4.0,['NCT05698394'],EFO_0003761,unipolar depression
81,DRD4,dopamine receptor D4,PRAMIPEXOLE,Small molecule,CHEMBL301265,4.0,['NCT04936126'],EFO_0003761,unipolar depression
82,DRD2,dopamine receptor D2,RISPERIDONE,Small molecule,CHEMBL85,4.0,['NCT00178854'],EFO_0003761,unipolar depression
83,GRIN2C,glutamate ionotropic receptor NMDA type subunit 2C,ESKETAMINE,Small molecule,CHEMBL395091,4.0,[],EFO_0003761,unipolar depression
84,HTR3A,5-hydroxytryptamine receptor 3A,VORTIOXETINE,Small molecule,CHEMBL2104993,4.0,['NCT02969876'],EFO_0003761,unipolar depression
85,GABRG2,gamma-aminobutyric acid type A receptor subunit gamma2,LORAZEPAM,Small molecule,CHEMBL580,4.0,[],EFO_0003761,unipolar depression
86,GRIN2D,glutamate ionotropic receptor NMDA type subunit 2D,KETAMINE,Small molecule,CHEMBL742,4.0,"['NCT04504175', 'NCT01935115']",EFO_0003761,unipolar depression
87,GRIN2C,glutamate ionotropic receptor NMDA type subunit 2C,KETAMINE,Small molecule,CHEMBL742,4.0,['NCT03272698'],EFO_0003761,unipolar depression
88,SLC6A2,solute carrier family 6 member 2,VENLAFAXINE HYDROCHLORIDE,Small molecule,CHEMBL1201066,4.0,[],EFO_0003761,unipolar depression
89,SLC6A2,solute carrier family 6 member 2,VENLAFAXINE HYDROCHLORIDE,Small molecule,CHEMBL1201066,4.0,['NCT02407704'],EFO_0003761,unipolar depression
90,GRIN2B,glutamate ionotropic receptor NMDA type subunit 2B,ESKETAMINE,Small molecule,CHEMBL395091,4.0,['NCT05826327'],EFO_0003761,unipolar depression
91,SLC6A4,solute carrier family 6 member 4,ESCITALOPRAM OXALATE,Small molecule,CHEMBL1200322,4.0,[],EFO_0003761,unipolar depression
92,GABRA5,gamma-aminobutyric acid type A receptor subunit alpha5,PROPOFOL,Small molecule,CHEMBL526,4.0,['NCT01935115'],EFO_0003761,unipolar depression
93,ACHE,acetylcholinesterase (Cartwright blood group),MINAPRINE,Small molecule,CHEMBL278819,4.0,[],EFO_0003761,unipolar depression
94,GRIN2D,glutamate ionotropic receptor NMDA type subunit 2D,ESKETAMINE,Small molecule,CHEMBL395091,4.0,['NCT05826327'],EFO_0003761,unipolar depression
95,GABRA3,gamma-aminobutyric acid type A receptor subunit alpha3,LORAZEPAM,Small molecule,CHEMBL580,4.0,['NCT02407704'],EFO_0003761,unipolar depression
96,MAOA,monoamine oxidase A,PHENELZINE,Small molecule,CHEMBL1089,4.0,[],EFO_0003761,unipolar depression
97,GRIN3A,glutamate ionotropic receptor NMDA type subunit 3A,KETAMINE,Small molecule,CHEMBL742,4.0,['NCT03272698'],EFO_0003761,unipolar depression
98,SCN7A,sodium voltage-gated channel alpha subunit 7,LAMOTRIGINE,Small molecule,CHEMBL741,4.0,[],EFO_0003761,unipolar depression
99,HTR5A,5-hydroxytryptamine receptor 5A,ZIMELDINE,Small molecule,CHEMBL37744,4.0,[],EFO_0003761,unipolar depression
100,SLC6A2,solute carrier family 6 member 2,DESVENLAFAXINE FUMARATE,Small molecule,CHEMBL3989861,4.0,[],EFO_0003761,unipolar depression
101,DRD2,dopamine receptor D2,BREXPIPRAZOLE,Small molecule,CHEMBL2105760,4.0,[],EFO_0003761,unipolar depression
102,DRD4,dopamine receptor D4,OLANZAPINE,Small molecule,CHEMBL715,4.0,[],EFO_0003761,unipolar depression
103,HTR2A,5-hydroxytryptamine receptor 2A,ARIPIPRAZOLE,Small molecule,CHEMBL1112,4.0,['NCT02960763'],EFO_0003761,unipolar depression
104,DRD3,dopamine receptor D3,AMOXAPINE,Small molecule,CHEMBL1113,4.0,[],EFO_0003761,unipolar depression
105,SLC6A2,solute carrier family 6 member 2,DIBENZEPIN,Small molecule,CHEMBL1442422,4.0,[],EFO_0003761,unipolar depression
106,SLC6A4,solute carrier family 6 member 4,DULOXETINE HYDROCHLORIDE,Small molecule,CHEMBL1200328,4.0,[],EFO_0003761,unipolar depression
107,GABRA5,gamma-aminobutyric acid type A receptor subunit alpha5,BREXANOLONE,Small molecule,CHEMBL207538,4.0,['NCT05059600'],EFO_0003761,unipolar depression
108,SLC6A4,solute carrier family 6 member 4,SERTRALINE,Small molecule,CHEMBL809,4.0,['NCT00744328'],EFO_0003761,unipolar depression
109,GABRG3,gamma-aminobutyric acid type A receptor subunit gamma3,PROPOFOL,Small molecule,CHEMBL526,4.0,['NCT01935115'],EFO_0003761,unipolar depression
110,HTR2C,5-hydroxytryptamine receptor 2C,NEFAZODONE HYDROCHLORIDE,Small molecule,CHEMBL1200492,4.0,[],EFO_0003761,unipolar depression
111,SLC6A4,solute carrier family 6 member 4,NORTRIPTYLINE,Small molecule,CHEMBL445,4.0,['NCT02960763'],EFO_0003761,unipolar depression
112,GRIN3B,glutamate ionotropic receptor NMDA type subunit 3B,KETAMINE,Small molecule,CHEMBL742,4.0,"['NCT01935115', 'NCT04504175']",EFO_0003761,unipolar depression
113,OPRD1,opioid receptor delta 1,NALOXONE,Small molecule,CHEMBL80,4.0,[],EFO_0003761,unipolar depression
114,SLC6A2,solute carrier family 6 member 2,MILNACIPRAN,Small molecule,CHEMBL259209,4.0,[],EFO_0003761,unipolar depression
115,SLC6A2,solute carrier family 6 member 2,VILOXAZINE,Small molecule,CHEMBL306700,4.0,[],EFO_0003761,unipolar depression
116,GABRA1,gamma-aminobutyric acid type A receptor subunit alpha1,BREXANOLONE,Small molecule,CHEMBL207538,4.0,[],EFO_0003761,unipolar depression
117,GRIN1,glutamate ionotropic receptor NMDA type subunit 1,KETAMINE,Small molecule,CHEMBL742,4.0,['NCT03927378'],EFO_0003761,unipolar depression
118,SLC6A2,solute carrier family 6 member 2,TRIMIPRAMINE,Small molecule,CHEMBL644,4.0,[],EFO_0003761,unipolar depression
119,GABRA3,gamma-aminobutyric acid type A receptor subunit alpha3,LORAZEPAM,Small molecule,CHEMBL580,4.0,[],EFO_0003761,unipolar depression
120,SLC6A4,solute carrier family 6 member 4,VORTIOXETINE HYDROBROMIDE,Small molecule,CHEMBL2107387,4.0,[],EFO_0003761,unipolar depression
121,GABRA1,gamma-aminobutyric acid type A receptor subunit alpha1,LORAZEPAM,Small molecule,CHEMBL580,4.0,[],EFO_0003761,unipolar depression
122,GRIN3A,glutamate ionotropic receptor NMDA type subunit 3A,ESKETAMINE,Small molecule,CHEMBL395091,4.0,['NCT05698394'],EFO_0003761,unipolar depression
123,SLC6A2,solute carrier family 6 member 2,LEVOMILNACIPRAN,Small molecule,CHEMBL99946,4.0,[],EFO_0003761,unipolar depression
124,HTR2C,5-hydroxytryptamine receptor 2C,NEFAZODONE,Small molecule,CHEMBL623,4.0,[],EFO_0003761,unipolar depression
125,GABRA2,gamma-aminobutyric acid type A receptor subunit alpha2,LORAZEPAM,Small molecule,CHEMBL580,4.0,['NCT02407704'],EFO_0003761,unipolar depression
126,OPRM1,opioid receptor mu 1,NALOXONE HYDROCHLORIDE,Small molecule,CHEMBL1718,4.0,[],EFO_0003761,unipolar depression
127,HTR2C,5-hydroxytryptamine receptor 2C,OLANZAPINE,Small molecule,CHEMBL715,4.0,[],EFO_0003761,unipolar depression
128,SLC6A2,solute carrier family 6 member 2,DULOXETINE HYDROCHLORIDE,Small molecule,CHEMBL1200328,4.0,[],EFO_0003761,unipolar depression
129,GABRD,gamma-aminobutyric acid type A receptor subunit delta,BREXANOLONE,Small molecule,CHEMBL207538,4.0,['NCT04273191'],EFO_0003761,unipolar depression
130,GABRB2,gamma-aminobutyric acid type A receptor subunit beta2,PROPOFOL,Small molecule,CHEMBL526,4.0,['NCT01935115'],EFO_0003761,unipolar depression
131,SCN11A,sodium voltage-gated channel alpha subunit 11,LAMOTRIGINE,Small molecule,CHEMBL741,4.0,[],EFO_0003761,unipolar depression
132,GABRB1,gamma-aminobutyric acid type A receptor subunit beta1,BREXANOLONE,Small molecule,CHEMBL207538,4.0,['NCT04273191'],EFO_0003761,unipolar depression
133,HTR2A,5-hydroxytryptamine receptor 2A,NEFAZODONE,Small molecule,CHEMBL623,4.0,[],EFO_0003761,unipolar depression
134,CNR1,cannabinoid receptor 1,CANNABIDIOL,Small molecule,CHEMBL190461,4.0,['NCT04732169'],EFO_0003761,unipolar depression
135,SLC6A2,solute carrier family 6 member 2,DULOXETINE,Small molecule,CHEMBL1175,4.0,[],EFO_0003761,unipolar depression
136,HTR2C,5-hydroxytryptamine receptor 2C,TRAZODONE,Small molecule,CHEMBL621,4.0,[],EFO_0003761,unipolar depression
137,GABRE,gamma-aminobutyric acid type A receptor subunit epsilon,PROPOFOL,Small molecule,CHEMBL526,4.0,['NCT01935115'],EFO_0003761,unipolar depression
138,GRIN2B,glutamate ionotropic receptor NMDA type subunit 2B,KETAMINE,Small molecule,CHEMBL742,4.0,['NCT03336541'],EFO_0003761,unipolar depression
139,SLC6A2,solute carrier family 6 member 2,NEFAZODONE HYDROCHLORIDE,Small molecule,CHEMBL1200492,4.0,[],EFO_0003761,unipolar depression
140,GABRA2,gamma-aminobutyric acid type A receptor subunit alpha2,BREXANOLONE,Small molecule,CHEMBL207538,4.0,['NCT05059600'],EFO_0003761,unipolar depression
141,GABRA5,gamma-aminobutyric acid type A receptor subunit alpha5,BREXANOLONE,Small molecule,CHEMBL207538,4.0,[],EFO_0003761,unipolar depression
142,GRIN2D,glutamate ionotropic receptor NMDA type subunit 2D,KETAMINE HYDROCHLORIDE,Small molecule,CHEMBL1714,4.0,['NCT03156504'],EFO_0003761,unipolar depression
143,OPRD1,opioid receptor delta 1,NALOXONE HYDROCHLORIDE,Small molecule,CHEMBL1718,4.0,[],EFO_0003761,unipolar depression
144,GRIN1,glutamate ionotropic receptor NMDA type subunit 1,ESKETAMINE,Small molecule,CHEMBL395091,4.0,[],EFO_0003761,unipolar depression
145,DRD2,dopamine receptor D2,AMOXAPINE,Small molecule,CHEMBL1113,4.0,[],EFO_0003761,unipolar depression
146,GRIN2B,glutamate ionotropic receptor NMDA type subunit 2B,KETAMINE HYDROCHLORIDE,Small molecule,CHEMBL1714,4.0,['NCT03156504'],EFO_0003761,unipolar depression
147,GABRA5,gamma-aminobutyric acid type A receptor subunit alpha5,BREXANOLONE,Small molecule,CHEMBL207538,4.0,['NCT04273191'],EFO_0003761,unipolar depression
148,HTR2A,5-hydroxytryptamine receptor 2A,QUETIAPINE,Small molecule,CHEMBL716,4.0,[],EFO_0003761,unipolar depression
149,GABRG3,gamma-aminobutyric acid type A receptor subunit gamma3,BREXANOLONE,Small molecule,CHEMBL207538,4.0,['NCT04273191'],EFO_0003761,unipolar depression
150,GRIN2B,glutamate ionotropic receptor NMDA type subunit 2B,ESKETAMINE,Small molecule,CHEMBL395091,4.0,['NCT05229913'],EFO_0003761,unipolar depression
151,GABRA6,gamma-aminobutyric acid type A receptor subunit alpha6,BREXANOLONE,Small molecule,CHEMBL207538,4.0,['NCT04273191'],EFO_0003761,unipolar depression
152,GRIN3B,glutamate ionotropic receptor NMDA type subunit 3B,KETAMINE,Small molecule,CHEMBL742,4.0,['NCT03927378'],EFO_0003761,unipolar depression
153,GRIN2D,glutamate ionotropic receptor NMDA type subunit 2D,ESKETAMINE HYDROCHLORIDE,Small molecule,CHEMBL2364609,4.0,[],EFO_0003761,unipolar depression
154,GRIN2C,glutamate ionotropic receptor NMDA type subunit 2C,ESKETAMINE HYDROCHLORIDE,Small molecule,CHEMBL2364609,4.0,[],EFO_0003761,unipolar depression
155,HTR2C,5-hydroxytryptamine receptor 2C,ZIMELDINE,Small molecule,CHEMBL37744,4.0,[],EFO_0003761,unipolar depression
156,GSK3A,glycogen synthase kinase 3 alpha,LITHIUM CARBONATE,Small molecule,CHEMBL1200826,4.0,[],EFO_0003761,unipolar depression
157,GABRB1,gamma-aminobutyric acid type A receptor subunit beta1,PROPOFOL,Small molecule,CHEMBL526,4.0,['NCT01935115'],EFO_0003761,unipolar depression
158,GRIN2A,glutamate ionotropic receptor NMDA type subunit 2A,AMANTADINE,Small molecule,CHEMBL660,4.0,['NCT04936126'],EFO_0003761,unipolar depression
159,GABRA2,gamma-aminobutyric acid type A receptor subunit alpha2,LORAZEPAM,Small molecule,CHEMBL580,4.0,[],EFO_0003761,unipolar depression
160,GRIN2D,glutamate ionotropic receptor NMDA type subunit 2D,AMANTADINE,Small molecule,CHEMBL660,4.0,['NCT04936126'],EFO_0003761,unipolar depression
161,OPRK1,opioid receptor kappa 1,NALOXONE,Small molecule,CHEMBL80,4.0,[],EFO_0003761,unipolar depression
162,GABRA5,gamma-aminobutyric acid type A receptor subunit alpha5,LORAZEPAM,Small molecule,CHEMBL580,4.0,['NCT02407704'],EFO_0003761,unipolar depression
163,GABRB3,gamma-aminobutyric acid type A receptor subunit beta3,BREXANOLONE,Small molecule,CHEMBL207538,4.0,[],EFO_0003761,unipolar depression
164,SLC6A4,solute carrier family 6 member 4,PAROXETINE,Small molecule,CHEMBL490,4.0,[],EFO_0003761,unipolar depression
165,GRIN1,glutamate ionotropic receptor NMDA type subunit 1,KETAMINE HYDROCHLORIDE,Small molecule,CHEMBL1714,4.0,['NCT03156504'],EFO_0003761,unipolar depression
166,MAOB,monoamine oxidase B,NIALAMIDE,Small molecule,CHEMBL1256841,4.0,[],EFO_0003761,unipolar depression
167,GABRD,gamma-aminobutyric acid type A receptor subunit delta,BREXANOLONE,Small molecule,CHEMBL207538,4.0,[],EFO_0003761,unipolar depression
168,GABRG1,gamma-aminobutyric acid type A receptor subunit gamma1,BREXANOLONE,Small molecule,CHEMBL207538,4.0,['NCT04273191'],EFO_0003761,unipolar depression
169,SLC6A3,solute carrier family 6 member 3,BUPROPION,Small molecule,CHEMBL894,4.0,['NCT02960763'],EFO_0003761,unipolar depression
170,HTR2A,5-hydroxytryptamine receptor 2A,MINAPRINE,Small molecule,CHEMBL278819,4.0,[],EFO_0003761,unipolar depression
171,GABRG1,gamma-aminobutyric acid type A receptor subunit gamma1,BREXANOLONE,Small molecule,CHEMBL207538,4.0,[],EFO_0003761,unipolar depression
172,BHMT2,betaine--homocysteine S-methyltransferase 2,BETAINE,Small molecule,CHEMBL95889,4.0,['NCT00226356'],EFO_0003761,unipolar depression
173,SCN2A,sodium voltage-gated channel alpha subunit 2,LAMOTRIGINE,Small molecule,CHEMBL741,4.0,[],EFO_0003761,unipolar depression
174,HTR1D,5-hydroxytryptamine receptor 1D,ZIMELDINE,Small molecule,CHEMBL37744,4.0,[],EFO_0003761,unipolar depression
175,GRIN3A,glutamate ionotropic receptor NMDA type subunit 3A,ESKETAMINE HYDROCHLORIDE,Small molecule,CHEMBL2364609,4.0,[],EFO_0003761,unipolar depression
176,SLC6A2,solute carrier family 6 member 2,DOXEPIN HYDROCHLORIDE,Small molecule,CHEMBL1628234,4.0,[],EFO_0003761,unipolar depression
177,GRIN2B,glutamate ionotropic receptor NMDA type subunit 2B,ESKETAMINE,Small molecule,CHEMBL395091,4.0,['NCT05698394'],EFO_0003761,unipolar depression
178,GABRQ,gamma-aminobutyric acid type A receptor subunit theta,PROPOFOL,Small molecule,CHEMBL526,4.0,['NCT01935115'],EFO_0003761,unipolar depression
179,HTR3A,5-hydroxytryptamine receptor 3A,VORTIOXETINE,Small molecule,CHEMBL2104993,4.0,[],EFO_0003761,unipolar depression
180,GABRG1,gamma-aminobutyric acid type A receptor subunit gamma1,PROPOFOL,Small molecule,CHEMBL526,4.0,['NCT01935115'],EFO_0003761,unipolar depression
181,GRIN3A,glutamate ionotropic receptor NMDA type subunit 3A,ESKETAMINE,Small molecule,CHEMBL395091,4.0,[],EFO_0003761,unipolar depression
182,GRIN2D,glutamate ionotropic receptor NMDA type subunit 2D,KETAMINE,Small molecule,CHEMBL742,4.0,['NCT03336541'],EFO_0003761,unipolar depression
183,DRD1,dopamine receptor D1,MINAPRINE,Small molecule,CHEMBL278819,4.0,[],EFO_0003761,unipolar depression
184,HTR1B,5-hydroxytryptamine receptor 1B,ZIMELDINE,Small molecule,CHEMBL37744,4.0,[],EFO_0003761,unipolar depression
185,SLC6A4,solute carrier family 6 member 4,NORTRIPTYLINE,Small molecule,CHEMBL445,4.0,[],EFO_0003761,unipolar depression
186,GABRB3,gamma-aminobutyric acid type A receptor subunit beta3,METHOHEXITAL,Small molecule,CHEMBL7413,4.0,['NCT01881763'],EFO_0003761,unipolar depression
187,HTR1E,5-hydroxytryptamine receptor 1E,ZIMELDINE,Small molecule,CHEMBL37744,4.0,[],EFO_0003761,unipolar depression
188,HTR3D,5-hydroxytryptamine receptor 3D,ZIMELDINE,Small molecule,CHEMBL37744,4.0,[],EFO_0003761,unipolar depression
189,GRIN2A,glutamate ionotropic receptor NMDA type subunit 2A,KETAMINE,Small molecule,CHEMBL742,4.0,"['NCT01935115', 'NCT04504175']",EFO_0003761,unipolar depression
190,GABRB1,gamma-aminobutyric acid type A receptor subunit beta1,BREXANOLONE,Small molecule,CHEMBL207538,4.0,[],EFO_0003761,unipolar depression
191,SCN5A,sodium voltage-gated channel alpha subunit 5,LAMOTRIGINE,Small molecule,CHEMBL741,4.0,[],EFO_0003761,unipolar depression
192,GABRA4,gamma-aminobutyric acid type A receptor subunit alpha4,BREXANOLONE,Small molecule,CHEMBL207538,4.0,['NCT05059600'],EFO_0003761,unipolar depression
193,GABRA2,gamma-aminobutyric acid type A receptor subunit alpha2,BREXANOLONE,Small molecule,CHEMBL207538,4.0,['NCT04273191'],EFO_0003761,unipolar depression
194,HTR2C,5-hydroxytryptamine receptor 2C,QUETIAPINE,Small molecule,CHEMBL716,4.0,['NCT04936126'],EFO_0003761,unipolar depression
195,DRD2,dopamine receptor D2,ARIPIPRAZOLE,Small molecule,CHEMBL1112,4.0,['NCT02960763'],EFO_0003761,unipolar depression
196,GABRB1,gamma-aminobutyric acid type A receptor subunit beta1,BREXANOLONE,Small molecule,CHEMBL207538,4.0,['NCT05059600'],EFO_0003761,unipolar depression
197,DRD2,dopamine receptor D2,QUETIAPINE,Small molecule,CHEMBL716,4.0,[],EFO_0003761,unipolar depression
198,HTR7,5-hydroxytryptamine receptor 7,ZIMELDINE,Small molecule,CHEMBL37744,4.0,[],EFO_0003761,unipolar depression
199,HTR2B,5-hydroxytryptamine receptor 2B,ZIMELDINE,Small molecule,CHEMBL37744,4.0,[],EFO_0003761,unipolar depression
200,BHMT,betaine--homocysteine S-methyltransferase,BETAINE,Small molecule,CHEMBL95889,4.0,['NCT00226356'],EFO_0003761,unipolar depression
201,GABRB2,gamma-aminobutyric acid type A receptor subunit beta2,BREXANOLONE,Small molecule,CHEMBL207538,4.0,[],EFO_0003761,unipolar depression
202,HTR2A,5-hydroxytryptamine receptor 2A,ZIMELDINE,Small molecule,CHEMBL37744,4.0,[],EFO_0003761,unipolar depression
203,GRIN1,glutamate ionotropic receptor NMDA type subunit 1,KETAMINE,Small molecule,CHEMBL742,4.0,"['NCT04504175', 'NCT01935115']",EFO_0003761,unipolar depression
204,HTR1A,5-hydroxytryptamine receptor 1A,VORTIOXETINE HYDROBROMIDE,Small molecule,CHEMBL2107387,4.0,[],EFO_0003761,unipolar depression
205,GRIN2D,glutamate ionotropic receptor NMDA type subunit 2D,ESKETAMINE,Small molecule,CHEMBL395091,4.0,[],EFO_0003761,unipolar depression
206,GABRG3,gamma-aminobutyric acid type A receptor subunit gamma3,BREXANOLONE,Small molecule,CHEMBL207538,4.0,[],EFO_0003761,unipolar depression
207,GRIN3A,glutamate ionotropic receptor NMDA type subunit 3A,KETAMINE,Small molecule,CHEMBL742,4.0,['NCT03927378'],EFO_0003761,unipolar depression
208,DRD2,dopamine receptor D2,PRAMIPEXOLE,Small molecule,CHEMBL301265,4.0,['NCT04936126'],EFO_0003761,unipolar depression
209,HTR2A,5-hydroxytryptamine receptor 2A,OLANZAPINE,Small molecule,CHEMBL715,4.0,[],EFO_0003761,unipolar depression
210,HTR1A,5-hydroxytryptamine receptor 1A,VORTIOXETINE,Small molecule,CHEMBL2104993,4.0,[],EFO_0003761,unipolar depression
211,HTR1A,5-hydroxytryptamine receptor 1A,ARIPIPRAZOLE,Small molecule,CHEMBL1112,4.0,['NCT02960763'],EFO_0003761,unipolar depression
212,SLC6A3,solute carrier family 6 member 3,BUPROPION,Small molecule,CHEMBL894,4.0,[],EFO_0003761,unipolar depression
213,SLC6A4,solute carrier family 6 member 4,ESCITALOPRAM,Small molecule,CHEMBL1508,4.0,['NCT00833469'],EFO_0003761,unipolar depression
214,HTR2C,5-hydroxytryptamine receptor 2C,TRIMIPRAMINE,Small molecule,CHEMBL644,4.0,[],EFO_0003761,unipolar depression
215,SLC6A4,solute carrier family 6 member 4,VORTIOXETINE,Small molecule,CHEMBL2104993,4.0,['NCT02969876'],EFO_0003761,unipolar depression
216,DRD1,dopamine receptor D1,AMINEPTINE,Small molecule,CHEMBL418995,4.0,[],EFO_0003761,unipolar depression
217,HTR6,5-hydroxytryptamine receptor 6,ZIMELDINE,Small molecule,CHEMBL37744,4.0,[],EFO_0003761,unipolar depression
218,SLC6A2,solute carrier family 6 member 2,VENLAFAXINE,Small molecule,CHEMBL637,4.0,['NCT02407704'],EFO_0003761,unipolar depression
219,GRIN3A,glutamate ionotropic receptor NMDA type subunit 3A,KETAMINE,Small molecule,CHEMBL742,4.0,['NCT02772211'],EFO_0003761,unipolar depression
220,GABRB2,gamma-aminobutyric acid type A receptor subunit beta2,BREXANOLONE,Small molecule,CHEMBL207538,4.0,['NCT04273191'],EFO_0003761,unipolar depression
221,GABRA1,gamma-aminobutyric acid type A receptor subunit alpha1,BREXANOLONE,Small molecule,CHEMBL207538,4.0,['NCT04273191'],EFO_0003761,unipolar depression
222,SLC6A4,solute carrier family 6 member 4,PROTRIPTYLINE,Small molecule,CHEMBL668,4.0,[],EFO_0003761,unipolar depression
223,GRIN3B,glutamate ionotropic receptor NMDA type subunit 3B,KETAMINE,Small molecule,CHEMBL742,4.0,['NCT03272698'],EFO_0003761,unipolar depression
224,GRIN3A,glutamate ionotropic receptor NMDA type subunit 3A,KETAMINE,Small molecule,CHEMBL742,4.0,['NCT00646087'],EFO_0003761,unipolar depression
225,SLC6A2,solute carrier family 6 member 2,DOXEPIN,Small molecule,CHEMBL1628227,4.0,[],EFO_0003761,unipolar depression
226,GRIN3B,glutamate ionotropic receptor NMDA type subunit 3B,ESKETAMINE HYDROCHLORIDE,Small molecule,CHEMBL2364609,4.0,[],EFO_0003761,unipolar depression
227,SLC6A4,solute carrier family 6 member 4,VORTIOXETINE,Small molecule,CHEMBL2104993,4.0,[],EFO_0003761,unipolar depression
228,GABRB3,gamma-aminobutyric acid type A receptor subunit beta3,BREXANOLONE,Small molecule,CHEMBL207538,4.0,['NCT05059600'],EFO_0003761,unipolar depression
229,HTR3B,5-hydroxytryptamine receptor 3B,ZIMELDINE,Small molecule,CHEMBL37744,4.0,[],EFO_0003761,unipolar depression
230,DRD2,dopamine receptor D2,OLANZAPINE,Small molecule,CHEMBL715,4.0,[],EFO_0003761,unipolar depression
231,GABRA6,gamma-aminobutyric acid type A receptor subunit alpha6,BREXANOLONE,Small molecule,CHEMBL207538,4.0,[],EFO_0003761,unipolar depression
232,SLC6A2,solute carrier family 6 member 2,AMITRIPTYLINE,Small molecule,CHEMBL629,4.0,[],EFO_0003761,unipolar depression
233,ESR1,estrogen receptor 1,ETHINYL ESTRADIOL,Small molecule,CHEMBL691,4.0,['NCT02210702'],EFO_0003761,unipolar depression
234,MAOB,monoamine oxidase B,TRANYLCYPROMINE,Small molecule,CHEMBL3989843,4.0,[],EFO_0003761,unipolar depression
235,GRIN2A,glutamate ionotropic receptor NMDA type subunit 2A,KETAMINE,Small molecule,CHEMBL742,4.0,"['NCT03156504', 'NCT01881763']",EFO_0003761,unipolar depression
236,DRD4,dopamine receptor D4,AMOXAPINE,Small molecule,CHEMBL1113,4.0,[],EFO_0003761,unipolar depression
237,GRIN1,glutamate ionotropic receptor NMDA type subunit 1,ESKETAMINE,Small molecule,CHEMBL395091,4.0,['NCT05826327'],EFO_0003761,unipolar depression
238,GRIN2B,glutamate ionotropic receptor NMDA type subunit 2B,KETAMINE,Small molecule,CHEMBL742,4.0,"['NCT04504175', 'NCT01935115']",EFO_0003761,unipolar depression
239,SLC6A2,solute carrier family 6 member 2,IMIPRAMINE,Small molecule,CHEMBL11,4.0,[],EFO_0003761,unipolar depression
240,HTR2C,5-hydroxytryptamine receptor 2C,MIRTAZAPINE,Small molecule,CHEMBL654,4.0,[],EFO_0003761,unipolar depression
241,SLC6A4,solute carrier family 6 member 4,CITALOPRAM,Small molecule,CHEMBL549,4.0,[],EFO_0003761,unipolar depression
242,SCN8A,sodium voltage-gated channel alpha subunit 8,LAMOTRIGINE,Small molecule,CHEMBL741,4.0,[],EFO_0003761,unipolar depression
243,HTR3A,5-hydroxytryptamine receptor 3A,VORTIOXETINE HYDROBROMIDE,Small molecule,CHEMBL2107387,4.0,[],EFO_0003761,unipolar depression
244,GABRG2,gamma-aminobutyric acid type A receptor subunit gamma2,BREXANOLONE,Small molecule,CHEMBL207538,4.0,['NCT05059600'],EFO_0003761,unipolar depression
245,GRIN2A,glutamate ionotropic receptor NMDA type subunit 2A,KETAMINE,Small molecule,CHEMBL742,4.0,['NCT03927378'],EFO_0003761,unipolar depression
246,GABRQ,gamma-aminobutyric acid type A receptor subunit theta,BREXANOLONE,Small molecule,CHEMBL207538,4.0,['NCT04273191'],EFO_0003761,unipolar depression
247,GABRG1,gamma-aminobutyric acid type A receptor subunit gamma1,LORAZEPAM,Small molecule,CHEMBL580,4.0,[],EFO_0003761,unipolar depression
248,GRIN1,glutamate ionotropic receptor NMDA type subunit 1,ESKETAMINE HYDROCHLORIDE,Small molecule,CHEMBL2364609,4.0,[],EFO_0003761,unipolar depression
249,MAOA,monoamine oxidase A,MOCLOBEMIDE,Small molecule,CHEMBL86304,4.0,[],EFO_0003761,unipolar depression
250,SLC6A3,solute carrier family 6 member 3,NOMIFENSINE,Small molecule,CHEMBL273575,4.0,[],EFO_0003761,unipolar depression
251,HTR2A,5-hydroxytryptamine receptor 2A,QUETIAPINE FUMARATE,Small molecule,CHEMBL3188993,4.0,[],EFO_0003761,unipolar depression
252,SLC6A2,solute carrier family 6 member 2,VENLAFAXINE,Small molecule,CHEMBL637,4.0,[],EFO_0003761,unipolar depression
253,OPRM1,opioid receptor mu 1,NALOXONE,Small molecule,CHEMBL80,4.0,[],EFO_0003761,unipolar depression
254,GABRQ,gamma-aminobutyric acid type A receptor subunit theta,BREXANOLONE,Small molecule,CHEMBL207538,4.0,['NCT05059600'],EFO_0003761,unipolar depression
255,GRIN2D,glutamate ionotropic receptor NMDA type subunit 2D,KETAMINE,Small molecule,CHEMBL742,4.0,['NCT00646087'],EFO_0003761,unipolar depression
256,GRIN2A,glutamate ionotropic receptor NMDA type subunit 2A,ESKETAMINE,Small molecule,CHEMBL395091,4.0,[],EFO_0003761,unipolar depression
257,GABRB2,gamma-aminobutyric acid type A receptor subunit beta2,METHOHEXITAL,Small molecule,CHEMBL7413,4.0,['NCT01881763'],EFO_0003761,unipolar depression
258,GRIN2A,glutamate ionotropic receptor NMDA type subunit 2A,ESKETAMINE,Small molecule,CHEMBL395091,4.0,['NCT05826327'],EFO_0003761,unipolar depression
259,SLC6A4,solute carrier family 6 member 4,FLUOXETINE HYDROCHLORIDE,Small molecule,CHEMBL1201082,4.0,[],EFO_0003761,unipolar depression
260,DRD2,dopamine receptor D2,TRIMIPRAMINE,Small molecule,CHEMBL644,4.0,[],EFO_0003761,unipolar depression
261,GABRA5,gamma-aminobutyric acid type A receptor subunit alpha5,LORAZEPAM,Small molecule,CHEMBL580,4.0,[],EFO_0003761,unipolar depression
262,HTR2A,5-hydroxytryptamine receptor 2A,TRIMIPRAMINE,Small molecule,CHEMBL644,4.0,[],EFO_0003761,unipolar depression
263,DRD2,dopamine receptor D2,AMINEPTINE,Small molecule,CHEMBL418995,4.0,[],EFO_0003761,unipolar depression
264,GRIN3A,glutamate ionotropic receptor NMDA type subunit 3A,KETAMINE,Small molecule,CHEMBL742,4.0,"['NCT03156504', 'NCT01881763']",EFO_0003761,unipolar depression
265,SCN10A,sodium voltage-gated channel alpha subunit 10,LAMOTRIGINE,Small molecule,CHEMBL741,4.0,[],EFO_0003761,unipolar depression
266,MTNR1A,melatonin receptor 1A,AGOMELATINE,Small molecule,CHEMBL10878,4.0,[],EFO_0003761,unipolar depression
267,GRIN2C,glutamate ionotropic receptor NMDA type subunit 2C,ESKETAMINE,Small molecule,CHEMBL395091,4.0,['NCT05229913'],EFO_0003761,unipolar depression
268,ALDH5A1,aldehyde dehydrogenase 5 family member A1,DIVALPROEX SODIUM,Small molecule,CHEMBL2105613,4.0,[],EFO_0003761,unipolar depression
269,SLC6A4,solute carrier family 6 member 4,PAROXETINE,Small molecule,CHEMBL490,4.0,['NCT00178100'],EFO_0003761,unipolar depression
270,GRIN2B,glutamate ionotropic receptor NMDA type subunit 2B,KETAMINE,Small molecule,CHEMBL742,4.0,['NCT02772211'],EFO_0003761,unipolar depression
271,SLC6A4,solute carrier family 6 member 4,VILAZODONE HYDROCHLORIDE,Small molecule,CHEMBL1615374,4.0,[],EFO_0003761,unipolar depression
272,GABRA2,gamma-aminobutyric acid type A receptor subunit alpha2,PROPOFOL,Small molecule,CHEMBL526,4.0,['NCT01935115'],EFO_0003761,unipolar depression
273,HTR1A,5-hydroxytryptamine receptor 1A,BREXPIPRAZOLE,Small molecule,CHEMBL2105760,4.0,[],EFO_0003761,unipolar depression
274,GABRA3,gamma-aminobutyric acid type A receptor subunit alpha3,BREXANOLONE,Small molecule,CHEMBL207538,4.0,['NCT05059600'],EFO_0003761,unipolar depression
275,HTR2A,5-hydroxytryptamine receptor 2A,TRAZODONE HYDROCHLORIDE,Small molecule,CHEMBL1200798,4.0,[],EFO_0003761,unipolar depression
276,GRIN2B,glutamate ionotropic receptor NMDA type subunit 2B,KETAMINE,Small molecule,CHEMBL742,4.0,"['NCT03156504', 'NCT01881763']",EFO_0003761,unipolar depression
277,GABRG2,gamma-aminobutyric acid type A receptor subunit gamma2,BREXANOLONE,Small molecule,CHEMBL207538,4.0,['NCT04273191'],EFO_0003761,unipolar depression
278,MAOB,monoamine oxidase B,ISOCARBOXAZID,Small molecule,CHEMBL1201168,4.0,[],EFO_0003761,unipolar depression
279,GRIN1,glutamate ionotropic receptor NMDA type subunit 1,AMANTADINE,Small molecule,CHEMBL660,4.0,['NCT04936126'],EFO_0003761,unipolar depression
280,GABRD,gamma-aminobutyric acid type A receptor subunit delta,BREXANOLONE,Small molecule,CHEMBL207538,4.0,['NCT05059600'],EFO_0003761,unipolar depression
281,GRIN2D,glutamate ionotropic receptor NMDA type subunit 2D,KETAMINE,Small molecule,CHEMBL742,4.0,['NCT03927378'],EFO_0003761,unipolar depression
282,DRD2,dopamine receptor D2,QUETIAPINE,Small molecule,CHEMBL716,4.0,['NCT04936126'],EFO_0003761,unipolar depression
283,SLC6A4,solute carrier family 6 member 4,VENLAFAXINE,Small molecule,CHEMBL637,4.0,[],EFO_0003761,unipolar depression
284,SLC6A2,solute carrier family 6 member 2,DESVENLAFAXINE,Small molecule,CHEMBL1118,4.0,[],EFO_0003761,unipolar depression
285,GRIN2D,glutamate ionotropic receptor NMDA type subunit 2D,ESKETAMINE,Small molecule,CHEMBL395091,4.0,['NCT05698394'],EFO_0003761,unipolar depression
286,HTR2A,5-hydroxytryptamine receptor 2A,ARIPIPRAZOLE,Small molecule,CHEMBL1112,4.0,[],EFO_0003761,unipolar depression
287,SLC6A4,solute carrier family 6 member 4,PAROXETINE HYDROCHLORIDE,Small molecule,CHEMBL1708,4.0,[],EFO_0003761,unipolar depression
288,GRIN2C,glutamate ionotropic receptor NMDA type subunit 2C,ESKETAMINE,Small molecule,CHEMBL395091,4.0,['NCT05826327'],EFO_0003761,unipolar depression
289,GABRA1,gamma-aminobutyric acid type A receptor subunit alpha1,LORAZEPAM,Small molecule,CHEMBL580,4.0,['NCT02407704'],EFO_0003761,unipolar depression
290,SLC6A4,solute carrier family 6 member 4,DULOXETINE,Small molecule,CHEMBL1175,4.0,[],EFO_0003761,unipolar depression
291,OPRM1,opioid receptor mu 1,MORPHINE,Small molecule,CHEMBL70,4.0,['NCT04017442'],EFO_0003761,unipolar depression
292,ADRA2C,adrenoceptor alpha 2C,MIRTAZAPINE,Small molecule,CHEMBL654,4.0,[],EFO_0003761,unipolar depression
293,SCN4A,sodium voltage-gated channel alpha subunit 4,LAMOTRIGINE,Small molecule,CHEMBL741,4.0,[],EFO_0003761,unipolar depression
294,BHMT2,betaine--homocysteine S-methyltransferase 2,BETAINE,Small molecule,CHEMBL95889,4.0,[],EFO_0003761,unipolar depression
295,GRIN2A,glutamate ionotropic receptor NMDA type subunit 2A,KETAMINE,Small molecule,CHEMBL742,4.0,['NCT03336541'],EFO_0003761,unipolar depression
296,SLC6A2,solute carrier family 6 member 2,LEVOMILNACIPRAN HYDROCHLORIDE,Small molecule,CHEMBL2105732,4.0,[],EFO_0003761,unipolar depression
297,SLC6A4,solute carrier family 6 member 4,CITALOPRAM HYDROBROMIDE,Small molecule,CHEMBL1200781,4.0,[],EFO_0003761,unipolar depression
298,GRIN3A,glutamate ionotropic receptor NMDA type subunit 3A,KETAMINE,Small molecule,CHEMBL742,4.0,['NCT03336541'],EFO_0003761,unipolar depression
299,DRD2,dopamine receptor D2,ARIPIPRAZOLE,Small molecule,CHEMBL1112,4.0,[],EFO_0003761,unipolar depression
300,SLC6A3,solute carrier family 6 member 3,BUPROPION HYDROBROMIDE,Small molecule,CHEMBL1201735,4.0,[],EFO_0003761,unipolar depression
301,GRIN1,glutamate ionotropic receptor NMDA type subunit 1,KETAMINE,Small molecule,CHEMBL742,4.0,['NCT02772211'],EFO_0003761,unipolar depression
302,SLC6A4,solute carrier family 6 member 4,DESVENLAFAXINE SUCCINATE,Small molecule,CHEMBL1201728,4.0,[],EFO_0003761,unipolar depression
303,GRIN2B,glutamate ionotropic receptor NMDA type subunit 2B,ESKETAMINE,Small molecule,CHEMBL395091,4.0,[],EFO_0003761,unipolar depression
304,SCN3A,sodium voltage-gated channel alpha subunit 3,LAMOTRIGINE,Small molecule,CHEMBL741,4.0,[],EFO_0003761,unipolar depression
305,SLC6A4,solute carrier family 6 member 4,VENLAFAXINE HYDROCHLORIDE,Small molecule,CHEMBL1201066,4.0,[],EFO_0003761,unipolar depression
306,GRIN2A,glutamate ionotropic receptor NMDA type subunit 2A,KETAMINE HYDROCHLORIDE,Small molecule,CHEMBL1714,4.0,['NCT03156504'],EFO_0003761,unipolar depression
307,GRIN2C,glutamate ionotropic receptor NMDA type subunit 2C,KETAMINE,Small molecule,CHEMBL742,4.0,['NCT00646087'],EFO_0003761,unipolar depression
308,SCN9A,sodium voltage-gated channel alpha subunit 9,LAMOTRIGINE,Small molecule,CHEMBL741,4.0,[],EFO_0003761,unipolar depression
309,SLC6A4,solute carrier family 6 member 4,TRAZODONE,Small molecule,CHEMBL621,4.0,[],EFO_0003761,unipolar depression
310,MAOA,monoamine oxidase A,TRANYLCYPROMINE,Small molecule,CHEMBL3989843,4.0,[],EFO_0003761,unipolar depression
311,GRIN3A,glutamate ionotropic receptor NMDA type subunit 3A,ESKETAMINE,Small molecule,CHEMBL395091,4.0,['NCT05826327'],EFO_0003761,unipolar depression
312,MAOA,monoamine oxidase A,IPRONIAZID,Small molecule,CHEMBL92401,4.0,[],EFO_0003761,unipolar depression
313,GRIN2A,glutamate ionotropic receptor NMDA type subunit 2A,KETAMINE,Small molecule,CHEMBL742,4.0,['NCT02772211'],EFO_0003761,unipolar depression
314,SLC6A4,solute carrier family 6 member 4,NEFAZODONE,Small molecule,CHEMBL623,4.0,[],EFO_0003761,unipolar depression
315,GRIN3A,glutamate ionotropic receptor NMDA type subunit 3A,ESKETAMINE,Small molecule,CHEMBL395091,4.0,['NCT05229913'],EFO_0003761,unipolar depression
316,GABRB2,gamma-aminobutyric acid type A receptor subunit beta2,BREXANOLONE,Small molecule,CHEMBL207538,4.0,['NCT05059600'],EFO_0003761,unipolar depression
317,SLC6A2,solute carrier family 6 member 2,BUPROPION HYDROCHLORIDE,Small molecule,CHEMBL1698,4.0,[],EFO_0003761,unipolar depression
318,SLC6A2,solute carrier family 6 member 2,DESIPRAMINE HYDROCHLORIDE,Small molecule,CHEMBL1696,4.0,[],EFO_0003761,unipolar depression
319,GRIN3B,glutamate ionotropic receptor NMDA type subunit 3B,ESKETAMINE,Small molecule,CHEMBL395091,4.0,[],EFO_0003761,unipolar depression
320,SLC6A4,solute carrier family 6 member 4,IMIPRAMINE,Small molecule,CHEMBL11,4.0,[],EFO_0003761,unipolar depression
321,GRIN2C,glutamate ionotropic receptor NMDA type subunit 2C,KETAMINE HYDROCHLORIDE,Small molecule,CHEMBL1714,4.0,['NCT03156504'],EFO_0003761,unipolar depression
322,MTNR1B,melatonin receptor 1B,AGOMELATINE,Small molecule,CHEMBL10878,4.0,[],EFO_0003761,unipolar depression
323,MAOB,monoamine oxidase B,IPRONIAZID,Small molecule,CHEMBL92401,4.0,[],EFO_0003761,unipolar depression
324,SLC6A4,solute carrier family 6 member 4,LEVOMILNACIPRAN,Small molecule,CHEMBL99946,4.0,[],EFO_0003761,unipolar depression
325,SLC6A2,solute carrier family 6 member 2,NORTRIPTYLINE,Small molecule,CHEMBL445,4.0,[],EFO_0003761,unipolar depression
326,IMPA1,inositol monophosphatase 1,LITHIUM CARBONATE,Small molecule,CHEMBL1200826,4.0,[],EFO_0003761,unipolar depression
327,GABRG3,gamma-aminobutyric acid type A receptor subunit gamma3,BREXANOLONE,Small molecule,CHEMBL207538,4.0,['NCT05059600'],EFO_0003761,unipolar depression
328,SLC6A2,solute carrier family 6 member 2,BUPROPION HYDROBROMIDE,Small molecule,CHEMBL1201735,4.0,[],EFO_0003761,unipolar depression
329,ADRA1A,adrenoceptor alpha 1A,TRIMIPRAMINE,Small molecule,CHEMBL644,4.0,[],EFO_0003761,unipolar depression
330,MAOA,monoamine oxidase A,NIALAMIDE,Small molecule,CHEMBL1256841,4.0,[],EFO_0003761,unipolar depression
331,GRIN2C,glutamate ionotropic receptor NMDA type subunit 2C,KETAMINE,Small molecule,CHEMBL742,4.0,['NCT03927378'],EFO_0003761,unipolar depression
332,SLC6A4,solute carrier family 6 member 4,VENLAFAXINE,Small molecule,CHEMBL637,4.0,['NCT02407704'],EFO_0003761,unipolar depression
333,SCN1A,sodium voltage-gated channel alpha subunit 1,LAMOTRIGINE,Small molecule,CHEMBL741,4.0,[],EFO_0003761,unipolar depression
334,GRIN1,glutamate ionotropic receptor NMDA type subunit 1,KETAMINE,Small molecule,CHEMBL742,4.0,['NCT00646087'],EFO_0003761,unipolar depression
335,CHRM1,cholinergic receptor muscarinic 1,MINAPRINE,Small molecule,CHEMBL278819,4.0,[],EFO_0003761,unipolar depression
336,PGR,progesterone receptor,NORETHINDRONE,Small molecule,CHEMBL1162,4.0,['NCT02210702'],EFO_0003761,unipolar depression
337,GABRA6,gamma-aminobutyric acid type A receptor subunit alpha6,BREXANOLONE,Small molecule,CHEMBL207538,4.0,['NCT05059600'],EFO_0003761,unipolar depression
338,GABRE,gamma-aminobutyric acid type A receptor subunit epsilon,BREXANOLONE,Small molecule,CHEMBL207538,4.0,['NCT05059600'],EFO_0003761,unipolar depression
339,SLC6A2,solute carrier family 6 member 2,BUPROPION,Small molecule,CHEMBL894,4.0,[],EFO_0003761,unipolar depression
340,HTR1A,5-hydroxytryptamine receptor 1A,ARIPIPRAZOLE,Small molecule,CHEMBL1112,4.0,[],EFO_0003761,unipolar depression
341,SLC6A2,solute carrier family 6 member 2,AMITRIPTYLINE HYDROCHLORIDE,Small molecule,CHEMBL1200964,4.0,[],EFO_0003761,unipolar depression
342,SLC6A4,solute carrier family 6 member 4,TRAZODONE HYDROCHLORIDE,Small molecule,CHEMBL1200798,4.0,[],EFO_0003761,unipolar depression
343,OPRM1,opioid receptor mu 1,SUFENTANIL,Small molecule,CHEMBL658,4.0,['NCT05826327'],EFO_0003761,unipolar depression
344,SLC6A4,solute carrier family 6 member 4,FLUOXETINE,Small molecule,CHEMBL41,4.0,[],EFO_0003761,unipolar depression
345,GRIN1,glutamate ionotropic receptor NMDA type subunit 1,ESKETAMINE,Small molecule,CHEMBL395091,4.0,['NCT05229913'],EFO_0003761,unipolar depression
346,ADRA1B,adrenoceptor alpha 1B,TRIMIPRAMINE,Small molecule,CHEMBL644,4.0,[],EFO_0003761,unipolar depression
347,HTR2C,5-hydroxytryptamine receptor 2C,MINAPRINE,Small molecule,CHEMBL278819,4.0,[],EFO_0003761,unipolar depression
348,GABRA1,gamma-aminobutyric acid type A receptor subunit alpha1,PROPOFOL,Small molecule,CHEMBL526,4.0,['NCT01935115'],EFO_0003761,unipolar depression
349,HTR1F,5-hydroxytryptamine receptor 1F,ZIMELDINE,Small molecule,CHEMBL37744,4.0,[],EFO_0003761,unipolar depression
350,GRIN3B,glutamate ionotropic receptor NMDA type subunit 3B,ESKETAMINE,Small molecule,CHEMBL395091,4.0,['NCT05826327'],EFO_0003761,unipolar depression
351,GABRG2,gamma-aminobutyric acid type A receptor subunit gamma2,LORAZEPAM,Small molecule,CHEMBL580,4.0,['NCT02407704'],EFO_0003761,unipolar depression
352,GRIN3B,glutamate ionotropic receptor NMDA type subunit 3B,KETAMINE,Small molecule,CHEMBL742,4.0,['NCT00646087'],EFO_0003761,unipolar depression
353,HRH1,histamine receptor H1,DIBENZEPIN,Small molecule,CHEMBL1442422,4.0,[],EFO_0003761,unipolar depression
354,GRIN2D,glutamate ionotropic receptor NMDA type subunit 2D,KETAMINE,Small molecule,CHEMBL742,4.0,['NCT02772211'],EFO_0003761,unipolar depression
355,GRIN2C,glutamate ionotropic receptor NMDA type subunit 2C,KETAMINE,Small molecule,CHEMBL742,4.0,['NCT03336541'],EFO_0003761,unipolar depression
356,SLC6A2,solute carrier family 6 member 2,DESIPRAMINE,Small molecule,CHEMBL72,4.0,[],EFO_0003761,unipolar depression
357,GRIN3A,glutamate ionotropic receptor NMDA type subunit 3A,AMANTADINE,Small molecule,CHEMBL660,4.0,['NCT04936126'],EFO_0003761,unipolar depression
358,DRD3,dopamine receptor D3,PRAMIPEXOLE,Small molecule,CHEMBL301265,4.0,['NCT04936126'],EFO_0003761,unipolar depression
359,SLC6A4,solute carrier family 6 member 4,AMITRIPTYLINE,Small molecule,CHEMBL629,4.0,[],EFO_0003761,unipolar depression
360,GRIN3B,glutamate ionotropic receptor NMDA type subunit 3B,AMANTADINE,Small molecule,CHEMBL660,4.0,['NCT04936126'],EFO_0003761,unipolar depression
361,GRIN1,glutamate ionotropic receptor NMDA type subunit 1,KETAMINE,Small molecule,CHEMBL742,4.0,['NCT03272698'],EFO_0003761,unipolar depression
362,GRIN3B,glutamate ionotropic receptor NMDA type subunit 3B,KETAMINE,Small molecule,CHEMBL742,4.0,['NCT03336541'],EFO_0003761,unipolar depression
363,BHMT,betaine--homocysteine S-methyltransferase,BETAINE,Small molecule,CHEMBL95889,4.0,[],EFO_0003761,unipolar depression
364,SLC6A2,solute carrier family 6 member 2,NORTRIPTYLINE HYDROCHLORIDE,Small molecule,CHEMBL1201156,4.0,[],EFO_0003761,unipolar depression
365,GRIN2B,glutamate ionotropic receptor NMDA type subunit 2B,KETAMINE,Small molecule,CHEMBL742,4.0,['NCT03927378'],EFO_0003761,unipolar depression
366,GRIN3A,glutamate ionotropic receptor NMDA type subunit 3A,KETAMINE HYDROCHLORIDE,Small molecule,CHEMBL1714,4.0,['NCT03156504'],EFO_0003761,unipolar depression
367,HTR1A,5-hydroxytryptamine receptor 1A,VILAZODONE,Small molecule,CHEMBL439849,4.0,[],EFO_0003761,unipolar depression
368,HTR1A,5-hydroxytryptamine receptor 1A,VORTIOXETINE,Small molecule,CHEMBL2104993,4.0,['NCT02969876'],EFO_0003761,unipolar depression
369,GABRA3,gamma-aminobutyric acid type A receptor subunit alpha3,BREXANOLONE,Small molecule,CHEMBL207538,4.0,[],EFO_0003761,unipolar depression
370,HTR1A,5-hydroxytryptamine receptor 1A,VILAZODONE HYDROCHLORIDE,Small molecule,CHEMBL1615374,4.0,[],EFO_0003761,unipolar depression
371,DRD2,dopamine receptor D2,QUETIAPINE FUMARATE,Small molecule,CHEMBL3188993,4.0,[],EFO_0003761,unipolar depression
372,HTR1A,5-hydroxytryptamine receptor 1A,ZIMELDINE,Small molecule,CHEMBL37744,4.0,[],EFO_0003761,unipolar depression
373,SLC6A4,solute carrier family 6 member 4,FLUVOXAMINE,Small molecule,CHEMBL814,4.0,[],EFO_0003761,unipolar depression
374,SLC6A2,solute carrier family 6 member 2,DESVENLAFAXINE SUCCINATE,Small molecule,CHEMBL1201728,4.0,[],EFO_0003761,unipolar depression
375,GABRA4,gamma-aminobutyric acid type A receptor subunit alpha4,BREXANOLONE,Small molecule,CHEMBL207538,4.0,['NCT04273191'],EFO_0003761,unipolar depression
376,GRIN2A,glutamate ionotropic receptor NMDA type subunit 2A,ESKETAMINE HYDROCHLORIDE,Small molecule,CHEMBL2364609,4.0,[],EFO_0003761,unipolar depression
377,SLC6A2,solute carrier family 6 member 2,NOMIFENSINE,Small molecule,CHEMBL273575,4.0,[],EFO_0003761,unipolar depression
378,SLC6A4,solute carrier family 6 member 4,DESVENLAFAXINE FUMARATE,Small molecule,CHEMBL3989861,4.0,[],EFO_0003761,unipolar depression
379,HTR2A,5-hydroxytryptamine receptor 2A,BREXPIPRAZOLE,Small molecule,CHEMBL2105760,4.0,[],EFO_0003761,unipolar depression
380,GRIN2B,glutamate ionotropic receptor NMDA type subunit 2B,KETAMINE,Small molecule,CHEMBL742,4.0,['NCT00646087'],EFO_0003761,unipolar depression
381,SLC6A4,solute carrier family 6 member 4,DOTHIEPIN,Small molecule,CHEMBL1492500,4.0,[],EFO_0003761,unipolar depression
382,HTR2A,5-hydroxytryptamine receptor 2A,MIRTAZAPINE,Small molecule,CHEMBL654,4.0,[],EFO_0003761,unipolar depression
383,GABRB1,gamma-aminobutyric acid type A receptor subunit beta1,METHOHEXITAL,Small molecule,CHEMBL7413,4.0,['NCT01881763'],EFO_0003761,unipolar depression
384,HRH1,histamine receptor H1,TRIMIPRAMINE,Small molecule,CHEMBL644,4.0,[],EFO_0003761,unipolar depression
385,HTR2A,5-hydroxytryptamine receptor 2A,TRAZODONE,Small molecule,CHEMBL621,4.0,[],EFO_0003761,unipolar depression
386,OPRK1,opioid receptor kappa 1,NALOXONE HYDROCHLORIDE,Small molecule,CHEMBL1718,4.0,[],EFO_0003761,unipolar depression
387,ESR1,estrogen receptor 1,ESTRADIOL,Small molecule,CHEMBL135,4.0,['NCT00744328'],EFO_0003761,unipolar depression
388,GRIN2A,glutamate ionotropic receptor NMDA type subunit 2A,KETAMINE,Small molecule,CHEMBL742,4.0,['NCT00646087'],EFO_0003761,unipolar depression
389,ADRA1D,adrenoceptor alpha 1D,TRIMIPRAMINE,Small molecule,CHEMBL644,4.0,[],EFO_0003761,unipolar depression
390,SLC6A4,solute carrier family 6 member 4,NOMIFENSINE,Small molecule,CHEMBL273575,4.0,[],EFO_0003761,unipolar depression
391,DRD2,dopamine receptor D2,MINAPRINE,Small molecule,CHEMBL278819,4.0,[],EFO_0003761,unipolar depression
392,GABRG2,gamma-aminobutyric acid type A receptor subunit gamma2,BREXANOLONE,Small molecule,CHEMBL207538,4.0,[],EFO_0003761,unipolar depression
393,DRD1,dopamine receptor D1,AMOXAPINE,Small molecule,CHEMBL1113,4.0,[],EFO_0003761,unipolar depression
394,SLC6A4,solute carrier family 6 member 4,SERTRALINE HYDROCHLORIDE,Small molecule,CHEMBL1709,4.0,[],EFO_0003761,unipolar depression
395,SLC6A3,solute carrier family 6 member 3,BUPROPION HYDROCHLORIDE,Small molecule,CHEMBL1698,4.0,[],EFO_0003761,unipolar depression
396,GRIN2C,glutamate ionotropic receptor NMDA type subunit 2C,KETAMINE,Small molecule,CHEMBL742,4.0,['NCT02772211'],EFO_0003761,unipolar depression
397,SLC6A2,solute carrier family 6 member 2,NORTRIPTYLINE,Small molecule,CHEMBL445,4.0,['NCT02960763'],EFO_0003761,unipolar depression
398,GRIN3B,glutamate ionotropic receptor NMDA type subunit 3B,KETAMINE,Small molecule,CHEMBL742,4.0,['NCT02772211'],EFO_0003761,unipolar depression
399,GRIN2C,glutamate ionotropic receptor NMDA type subunit 2C,KETAMINE,Small molecule,CHEMBL742,4.0,"['NCT04504175', 'NCT01935115']",EFO_0003761,unipolar depression
400,HTR2A,5-hydroxytryptamine receptor 2A,QUETIAPINE,Small molecule,CHEMBL716,4.0,['NCT04936126'],EFO_0003761,unipolar depression
401,HTR2A,5-hydroxytryptamine receptor 2A,RISPERIDONE,Small molecule,CHEMBL85,4.0,['NCT00178854'],EFO_0003761,unipolar depression
402,SLC6A2,solute carrier family 6 member 2,REBOXETINE,Small molecule,CHEMBL14370,4.0,[],EFO_0003761,unipolar depression
403,GABRE,gamma-aminobutyric acid type A receptor subunit epsilon,BREXANOLONE,Small molecule,CHEMBL207538,4.0,[],EFO_0003761,unipolar depression
404,SLC6A2,solute carrier family 6 member 2,MAPROTILINE HYDROCHLORIDE,Small molecule,CHEMBL1237135,4.0,[],EFO_0003761,unipolar depression
405,GRIN2C,glutamate ionotropic receptor NMDA type subunit 2C,KETAMINE,Small molecule,CHEMBL742,3.0,['NCT04227704'],EFO_0003761,unipolar depression
406,GABRQ,gamma-aminobutyric acid type A receptor subunit theta,ZURANOLONE,Small molecule,CHEMBL4105630,3.0,"['NCT04442503', 'NCT02978326']",EFO_0003761,unipolar depression
407,SLC6A3,solute carrier family 6 member 3,BUPROPION,Small molecule,CHEMBL894,3.0,"['NCT00125957', 'NCT00179244']",EFO_0003761,unipolar depression
408,THRB,thyroid hormone receptor beta,LIOTHYRONINE,Small molecule,CHEMBL1544,3.0,['NCT00158990'],EFO_0003761,unipolar depression
409,HTR2A,5-hydroxytryptamine receptor 2A,ARIPIPRAZOLE,Small molecule,CHEMBL1112,3.0,['NCT01386086'],EFO_0003761,unipolar depression
410,SLC6A4,solute carrier family 6 member 4,FLUOXETINE,Small molecule,CHEMBL41,3.0,['NCT01687478'],EFO_0003761,unipolar depression
411,GABRB2,gamma-aminobutyric acid type A receptor subunit beta2,ZURANOLONE,Small molecule,CHEMBL4105630,3.0,"['NCT02978326', 'NCT04442503']",EFO_0003761,unipolar depression
412,GABRG1,gamma-aminobutyric acid type A receptor subunit gamma1,ZURANOLONE,Small molecule,CHEMBL4105630,3.0,"['NCT02978326', 'NCT04442503']",EFO_0003761,unipolar depression
413,SLC6A3,solute carrier family 6 member 3,BUPROPION HYDROCHLORIDE,Small molecule,CHEMBL1698,3.0,['NCT00125957'],EFO_0003761,unipolar depression
414,DRD2,dopamine receptor D2,OLANZAPINE,Small molecule,CHEMBL715,3.0,['NCT01687478'],EFO_0003761,unipolar depression
415,GABRE,gamma-aminobutyric acid type A receptor subunit epsilon,ZURANOLONE,Small molecule,CHEMBL4105630,3.0,"['NCT02978326', 'NCT04442503']",EFO_0003761,unipolar depression
416,SLC6A4,solute carrier family 6 member 4,PAROXETINE,Small molecule,CHEMBL490,3.0,['NCT01049347'],EFO_0003761,unipolar depression
417,GABRB3,gamma-aminobutyric acid type A receptor subunit beta3,ZURANOLONE,Small molecule,CHEMBL4105630,3.0,"['NCT04442503', 'NCT02978326']",EFO_0003761,unipolar depression
418,SLC6A2,solute carrier family 6 member 2,BUPROPION,Small molecule,CHEMBL894,3.0,"['NCT00125957', 'NCT00179244']",EFO_0003761,unipolar depression
419,SLC6A2,solute carrier family 6 member 2,VENLAFAXINE,Small molecule,CHEMBL637,3.0,['NCT00789854'],EFO_0003761,unipolar depression
420,SLC6A2,solute carrier family 6 member 2,BUPROPION HYDROCHLORIDE,Small molecule,CHEMBL1698,3.0,['NCT00125957'],EFO_0003761,unipolar depression
421,GABRA4,gamma-aminobutyric acid type A receptor subunit alpha4,ZURANOLONE,Small molecule,CHEMBL4105630,3.0,"['NCT04442503', 'NCT02978326']",EFO_0003761,unipolar depression
422,GABRD,gamma-aminobutyric acid type A receptor subunit delta,ZURANOLONE,Small molecule,CHEMBL4105630,3.0,"['NCT02978326', 'NCT04442503']",EFO_0003761,unipolar depression
423,DRD4,dopamine receptor D4,OLANZAPINE,Small molecule,CHEMBL715,3.0,['NCT01687478'],EFO_0003761,unipolar depression
424,PTGS2,prostaglandin-endoperoxide synthase 2,CELECOXIB,Small molecule,CHEMBL118,3.0,['NCT02726659'],EFO_0003761,unipolar depression
425,SLC6A4,solute carrier family 6 member 4,VENLAFAXINE,Small molecule,CHEMBL637,3.0,['NCT00789854'],EFO_0003761,unipolar depression
426,SLC6A4,solute carrier family 6 member 4,AMITRIPTYLINE,Small molecule,CHEMBL629,3.0,['NCT01049347'],EFO_0003761,unipolar depression
427,HMGCR,3-hydroxy-3-methylglutaryl-CoA reductase,SIMVASTATIN,Small molecule,CHEMBL1064,3.0,['NCT03435744'],EFO_0003761,unipolar depression
428,HTR2A,5-hydroxytryptamine receptor 2A,QUETIAPINE,Small molecule,CHEMBL716,3.0,['NCT00789854'],EFO_0003761,unipolar depression
429,DRD3,dopamine receptor D3,OLANZAPINE,Small molecule,CHEMBL715,3.0,['NCT01687478'],EFO_0003761,unipolar depression
430,GABRA6,gamma-aminobutyric acid type A receptor subunit alpha6,ZURANOLONE,Small molecule,CHEMBL4105630,3.0,"['NCT04442503', 'NCT02978326']",EFO_0003761,unipolar depression
431,DRD2,dopamine receptor D2,QUETIAPINE,Small molecule,CHEMBL716,3.0,['NCT00517387'],EFO_0003761,unipolar depression
432,GABRG3,gamma-aminobutyric acid type A receptor subunit gamma3,ZURANOLONE,Small molecule,CHEMBL4105630,3.0,"['NCT04442503', 'NCT02978326']",EFO_0003761,unipolar depression
433,SLC6A2,solute carrier family 6 member 2,VENLAFAXINE HYDROCHLORIDE,Small molecule,CHEMBL1201066,3.0,['NCT00789854'],EFO_0003761,unipolar depression
434,GSK3B,glycogen synthase kinase 3 beta,LITHIUM CARBONATE,Small molecule,CHEMBL1200826,3.0,['NCT00789854'],EFO_0003761,unipolar depression
435,SLC6A4,solute carrier family 6 member 4,FLUOXETINE,Small molecule,CHEMBL41,3.0,['NCT00958568'],EFO_0003761,unipolar depression
436,GRIN3B,glutamate ionotropic receptor NMDA type subunit 3B,KETAMINE,Small molecule,CHEMBL742,3.0,['NCT04227704'],EFO_0003761,unipolar depression
437,SLC6A4,solute carrier family 6 member 4,VENLAFAXINE HYDROCHLORIDE,Small molecule,CHEMBL1201066,3.0,['NCT00789854'],EFO_0003761,unipolar depression
438,HTR2C,5-hydroxytryptamine receptor 2C,QUETIAPINE,Small molecule,CHEMBL716,3.0,['NCT00789854'],EFO_0003761,unipolar depression
439,DRD2,dopamine receptor D2,QUETIAPINE,Small molecule,CHEMBL716,3.0,['NCT00789854'],EFO_0003761,unipolar depression
440,HTR1A,5-hydroxytryptamine receptor 1A,ARIPIPRAZOLE,Small molecule,CHEMBL1112,3.0,['NCT01386086'],EFO_0003761,unipolar depression
441,THRA,thyroid hormone receptor alpha,LIOTHYRONINE,Small molecule,CHEMBL1544,3.0,['NCT00158990'],EFO_0003761,unipolar depression
442,SLC6A2,solute carrier family 6 member 2,AMITRIPTYLINE,Small molecule,CHEMBL629,3.0,['NCT01049347'],EFO_0003761,unipolar depression
443,SIGMAR1,sigma non-opioid intracellular receptor 1,DEXTROMETHORPHAN,Small molecule,CHEMBL52440,3.0,['NCT04039022'],EFO_0003761,unipolar depression
444,GABRP,gamma-aminobutyric acid type A receptor subunit pi,ZURANOLONE,Small molecule,CHEMBL4105630,3.0,"['NCT04442503', 'NCT02978326']",EFO_0003761,unipolar depression
445,HTR2A,5-hydroxytryptamine receptor 2A,OLANZAPINE,Small molecule,CHEMBL715,3.0,['NCT01687478'],EFO_0003761,unipolar depression
446,GABRA1,gamma-aminobutyric acid type A receptor subunit alpha1,ZURANOLONE,Small molecule,CHEMBL4105630,3.0,"['NCT04442503', 'NCT02978326']",EFO_0003761,unipolar depression
447,SLC6A3,solute carrier family 6 member 3,BUPROPION,Small molecule,CHEMBL894,3.0,['NCT04039022'],EFO_0003761,unipolar depression
448,HTR2A,5-hydroxytryptamine receptor 2A,OLANZAPINE,Small molecule,CHEMBL715,3.0,['NCT00958568'],EFO_0003761,unipolar depression
449,DRD4,dopamine receptor D4,OLANZAPINE,Small molecule,CHEMBL715,3.0,['NCT00958568'],EFO_0003761,unipolar depression
450,GABRA5,gamma-aminobutyric acid type A receptor subunit alpha5,ZURANOLONE,Small molecule,CHEMBL4105630,3.0,"['NCT04442503', 'NCT02978326']",EFO_0003761,unipolar depression
451,GABRB1,gamma-aminobutyric acid type A receptor subunit beta1,ZURANOLONE,Small molecule,CHEMBL4105630,3.0,"['NCT04442503', 'NCT02978326']",EFO_0003761,unipolar depression
452,DRD2,dopamine receptor D2,ARIPIPRAZOLE,Small molecule,CHEMBL1112,3.0,['NCT01386086'],EFO_0003761,unipolar depression
453,HTR2A,5-hydroxytryptamine receptor 2A,QUETIAPINE,Small molecule,CHEMBL716,3.0,['NCT00517387'],EFO_0003761,unipolar depression
454,GRIN2D,glutamate ionotropic receptor NMDA type subunit 2D,KETAMINE,Small molecule,CHEMBL742,3.0,['NCT04227704'],EFO_0003761,unipolar depression
455,GRIN3A,glutamate ionotropic receptor NMDA type subunit 3A,KETAMINE,Small molecule,CHEMBL742,3.0,['NCT04227704'],EFO_0003761,unipolar depression
456,IMPA1,inositol monophosphatase 1,LITHIUM CARBONATE,Small molecule,CHEMBL1200826,3.0,['NCT00789854'],EFO_0003761,unipolar depression
457,GABRA2,gamma-aminobutyric acid type A receptor subunit alpha2,ZURANOLONE,Small molecule,CHEMBL4105630,3.0,"['NCT02978326', 'NCT04442503']",EFO_0003761,unipolar depression
458,GRIN1,glutamate ionotropic receptor NMDA type subunit 1,KETAMINE,Small molecule,CHEMBL742,3.0,['NCT04227704'],EFO_0003761,unipolar depression
459,DRD2,dopamine receptor D2,OLANZAPINE,Small molecule,CHEMBL715,3.0,['NCT00958568'],EFO_0003761,unipolar depression
460,GABRG2,gamma-aminobutyric acid type A receptor subunit gamma2,ZURANOLONE,Small molecule,CHEMBL4105630,3.0,"['NCT04442503', 'NCT02978326']",EFO_0003761,unipolar depression
461,GSK3A,glycogen synthase kinase 3 alpha,LITHIUM CARBONATE,Small molecule,CHEMBL1200826,3.0,['NCT00789854'],EFO_0003761,unipolar depression
462,GRIN2B,glutamate ionotropic receptor NMDA type subunit 2B,KETAMINE,Small molecule,CHEMBL742,3.0,['NCT04227704'],EFO_0003761,unipolar depression
463,DRD3,dopamine receptor D3,OLANZAPINE,Small molecule,CHEMBL715,3.0,['NCT00958568'],EFO_0003761,unipolar depression
464,SLC6A4,solute carrier family 6 member 4,SERTRALINE,Small molecule,CHEMBL809,3.0,['NCT00158990'],EFO_0003761,unipolar depression
465,HTR2A,5-hydroxytryptamine receptor 2A,PSILOCYBINE,Small molecule,CHEMBL194378,3.0,"['NCT05624268', 'NCT05711940']",EFO_0003761,unipolar depression
466,HTR2C,5-hydroxytryptamine receptor 2C,QUETIAPINE,Small molecule,CHEMBL716,3.0,['NCT00517387'],EFO_0003761,unipolar depression
467,HTR2C,5-hydroxytryptamine receptor 2C,OLANZAPINE,Small molecule,CHEMBL715,3.0,['NCT00958568'],EFO_0003761,unipolar depression
468,SLC6A2,solute carrier family 6 member 2,BUPROPION,Small molecule,CHEMBL894,3.0,['NCT04039022'],EFO_0003761,unipolar depression
469,GABRA3,gamma-aminobutyric acid type A receptor subunit alpha3,ZURANOLONE,Small molecule,CHEMBL4105630,3.0,"['NCT02978326', 'NCT04442503']",EFO_0003761,unipolar depression
470,GRIN2A,glutamate ionotropic receptor NMDA type subunit 2A,DEXTROMETHORPHAN,Small molecule,CHEMBL52440,3.0,['NCT04039022'],EFO_0003761,unipolar depression
471,GRIN2A,glutamate ionotropic receptor NMDA type subunit 2A,KETAMINE,Small molecule,CHEMBL742,3.0,['NCT04227704'],EFO_0003761,unipolar depression
472,HTR2C,5-hydroxytryptamine receptor 2C,OLANZAPINE,Small molecule,CHEMBL715,3.0,['NCT01687478'],EFO_0003761,unipolar depression
473,GABRA3,gamma-aminobutyric acid type A receptor subunit alpha3,PROPOFOL,Small molecule,CHEMBL526,2.0,['NCT03684447'],EFO_0003761,unipolar depression
474,GABRB3,gamma-aminobutyric acid type A receptor subunit beta3,PROPOFOL,Small molecule,CHEMBL526,2.0,['NCT03684447'],EFO_0003761,unipolar depression
475,GABRA5,gamma-aminobutyric acid type A receptor subunit alpha5,BREXANOLONE,Small molecule,CHEMBL207538,2.0,"['NCT02614547', 'NCT02285504']",EFO_0003761,unipolar depression
476,GABRG2,gamma-aminobutyric acid type A receptor subunit gamma2,MIDAZOLAM,Small molecule,CHEMBL655,2.0,['NCT05383313'],EFO_0003761,unipolar depression
477,GABRG3,gamma-aminobutyric acid type A receptor subunit gamma3,PROPOFOL,Small molecule,CHEMBL526,2.0,['NCT03923361'],EFO_0003761,unipolar depression
478,GRIN2B,glutamate ionotropic receptor NMDA type subunit 2B,KETAMINE,Small molecule,CHEMBL742,2.0,['NCT02882711'],EFO_0003761,unipolar depression
479,GABRA4,gamma-aminobutyric acid type A receptor subunit alpha4,PROPOFOL,Small molecule,CHEMBL526,2.0,['NCT03923361'],EFO_0003761,unipolar depression
480,GABRB1,gamma-aminobutyric acid type A receptor subunit beta1,BREXANOLONE,Small molecule,CHEMBL207538,2.0,"['NCT02614547', 'NCT02285504']",EFO_0003761,unipolar depression
481,GABRA1,gamma-aminobutyric acid type A receptor subunit alpha1,PROPOFOL,Small molecule,CHEMBL526,2.0,['NCT03684447'],EFO_0003761,unipolar depression
482,GRIN1,glutamate ionotropic receptor NMDA type subunit 1,KETAMINE,Small molecule,CHEMBL742,2.0,"['NCT02935595', 'NCT01920555', 'NCT00768430', 'NCT05414422']",EFO_0003761,unipolar depression
483,ADRB2,adrenoceptor beta 2,PINDOLOL,Small molecule,CHEMBL500,2.0,['NCT01219686'],EFO_0003761,unipolar depression
484,DRD2,dopamine receptor D2,QUETIAPINE,Small molecule,CHEMBL716,2.0,['NCT00681668'],EFO_0003761,unipolar depression
485,GRIN3A,glutamate ionotropic receptor NMDA type subunit 3A,KETAMINE HYDROCHLORIDE,Small molecule,CHEMBL1714,2.0,['NCT05383313'],EFO_0003761,unipolar depression
486,GABRA5,gamma-aminobutyric acid type A receptor subunit alpha5,PROPOFOL,Small molecule,CHEMBL526,2.0,['NCT03684447'],EFO_0003761,unipolar depression
487,GABRG3,gamma-aminobutyric acid type A receptor subunit gamma3,MIDAZOLAM,Small molecule,CHEMBL655,2.0,['NCT05383313'],EFO_0003761,unipolar depression
488,GABRA2,gamma-aminobutyric acid type A receptor subunit alpha2,PROPOFOL,Small molecule,CHEMBL526,2.0,['NCT03923361'],EFO_0003761,unipolar depression
489,GRIN3B,glutamate ionotropic receptor NMDA type subunit 3B,KETAMINE,Small molecule,CHEMBL742,2.0,['NCT03290963'],EFO_0003761,unipolar depression
490,GABRG1,gamma-aminobutyric acid type A receptor subunit gamma1,PROPOFOL,Small molecule,CHEMBL526,2.0,['NCT03923361'],EFO_0003761,unipolar depression
491,GRIN2B,glutamate ionotropic receptor NMDA type subunit 2B,KETAMINE,Small molecule,CHEMBL742,2.0,['NCT03290963'],EFO_0003761,unipolar depression
492,GABRA6,gamma-aminobutyric acid type A receptor subunit alpha6,PROPOFOL,Small molecule,CHEMBL526,2.0,['NCT03923361'],EFO_0003761,unipolar depression
493,GABRB2,gamma-aminobutyric acid type A receptor subunit beta2,PROPOFOL,Small molecule,CHEMBL526,2.0,['NCT03684447'],EFO_0003761,unipolar depression
494,SLC6A2,solute carrier family 6 member 2,LIAFENSINE,Small molecule,CHEMBL2364614,2.0,['NCT05113771'],EFO_0003761,unipolar depression
495,GABRA1,gamma-aminobutyric acid type A receptor subunit alpha1,MIDAZOLAM,Small molecule,CHEMBL655,2.0,['NCT05383313'],EFO_0003761,unipolar depression
496,GRIN2C,glutamate ionotropic receptor NMDA type subunit 2C,KETAMINE,Small molecule,CHEMBL742,2.0,['NCT05383313'],EFO_0003761,unipolar depression
497,GABRA3,gamma-aminobutyric acid type A receptor subunit alpha3,BREXANOLONE,Small molecule,CHEMBL207538,2.0,"['NCT02285504', 'NCT02614547']",EFO_0003761,unipolar depression
498,GABRD,gamma-aminobutyric acid type A receptor subunit delta,PROPOFOL,Small molecule,CHEMBL526,2.0,['NCT03923361'],EFO_0003761,unipolar depression
499,GABRA6,gamma-aminobutyric acid type A receptor subunit alpha6,BREXANOLONE,Small molecule,CHEMBL207538,2.0,"['NCT02285504', 'NCT02614547']",EFO_0003761,unipolar depression
500,GABRA2,gamma-aminobutyric acid type A receptor subunit alpha2,MIDAZOLAM,Small molecule,CHEMBL655,2.0,['NCT00768430'],EFO_0003761,unipolar depression
501,ESR1,estrogen receptor 1,ESTRADIOL,Small molecule,CHEMBL135,2.0,['NCT00059228'],EFO_0003761,unipolar depression
502,GABRA2,gamma-aminobutyric acid type A receptor subunit alpha2,BREXANOLONE,Small molecule,CHEMBL207538,2.0,"['NCT02285504', 'NCT02614547']",EFO_0003761,unipolar depression
503,GRIN1,glutamate ionotropic receptor NMDA type subunit 1,KETAMINE,Small molecule,CHEMBL742,2.0,['NCT03290963'],EFO_0003761,unipolar depression
504,HTR1A,5-hydroxytryptamine receptor 1A,GEPIRONE,Small molecule,CHEMBL284092,2.0,[],EFO_0003761,unipolar depression
505,GABRA2,gamma-aminobutyric acid type A receptor subunit alpha2,PROPOFOL,Small molecule,CHEMBL526,2.0,['NCT03684447'],EFO_0003761,unipolar depression
506,GRIN2B,glutamate ionotropic receptor NMDA type subunit 2B,KETAMINE,Small molecule,CHEMBL742,2.0,['NCT05383313'],EFO_0003761,unipolar depression
507,GABRA6,gamma-aminobutyric acid type A receptor subunit alpha6,PROPOFOL,Small molecule,CHEMBL526,2.0,['NCT03684447'],EFO_0003761,unipolar depression
508,GRIN2A,glutamate ionotropic receptor NMDA type subunit 2A,KETAMINE HYDROCHLORIDE,Small molecule,CHEMBL1714,2.0,['NCT05383313'],EFO_0003761,unipolar depression
509,ADRB1,adrenoceptor beta 1,PINDOLOL,Small molecule,CHEMBL500,2.0,['NCT01219686'],EFO_0003761,unipolar depression
510,GABRE,gamma-aminobutyric acid type A receptor subunit epsilon,PROPOFOL,Small molecule,CHEMBL526,2.0,['NCT03684447'],EFO_0003761,unipolar depression
511,OPRK1,opioid receptor kappa 1,NALTREXONE,Small molecule,CHEMBL19019,2.0,['NCT01874951'],EFO_0003761,unipolar depression
512,GRIN2D,glutamate ionotropic receptor NMDA type subunit 2D,KETAMINE HYDROCHLORIDE,Small molecule,CHEMBL1714,2.0,['NCT05383313'],EFO_0003761,unipolar depression
513,GABRB2,gamma-aminobutyric acid type A receptor subunit beta2,BREXANOLONE,Small molecule,CHEMBL207538,2.0,"['NCT02285504', 'NCT02614547']",EFO_0003761,unipolar depression
514,SLC6A3,solute carrier family 6 member 3,LIAFENSINE,Small molecule,CHEMBL2364614,2.0,['NCT05113771'],EFO_0003761,unipolar depression
515,GRIN1,glutamate ionotropic receptor NMDA type subunit 1,KETAMINE,Small molecule,CHEMBL742,2.0,['NCT02882711'],EFO_0003761,unipolar depression
516,GRIN3B,glutamate ionotropic receptor NMDA type subunit 3B,KETAMINE,Small molecule,CHEMBL742,2.0,['NCT02882711'],EFO_0003761,unipolar depression
517,GRIN3B,glutamate ionotropic receptor NMDA type subunit 3B,KETAMINE,Small molecule,CHEMBL742,2.0,['NCT05383313'],EFO_0003761,unipolar depression
518,SLC6A4,solute carrier family 6 member 4,SERTRALINE,Small molecule,CHEMBL809,2.0,['NCT00602355'],EFO_0003761,unipolar depression
519,GABRA5,gamma-aminobutyric acid type A receptor subunit alpha5,MIDAZOLAM,Small molecule,CHEMBL655,2.0,['NCT05383313'],EFO_0003761,unipolar depression
520,PTGS2,prostaglandin-endoperoxide synthase 2,ASPIRIN,Small molecule,CHEMBL25,2.0,['NCT03152409'],EFO_0003761,unipolar depression
521,GABRG3,gamma-aminobutyric acid type A receptor subunit gamma3,MIDAZOLAM,Small molecule,CHEMBL655,2.0,['NCT00768430'],EFO_0003761,unipolar depression
522,SLC6A2,solute carrier family 6 member 2,DESIPRAMINE,Small molecule,CHEMBL72,2.0,['NCT00265291'],EFO_0003761,unipolar depression
523,GRIN2A,glutamate ionotropic receptor NMDA type subunit 2A,KETAMINE,Small molecule,CHEMBL742,2.0,['NCT02882711'],EFO_0003761,unipolar depression
524,GABRA1,gamma-aminobutyric acid type A receptor subunit alpha1,MIDAZOLAM,Small molecule,CHEMBL655,2.0,['NCT00768430'],EFO_0003761,unipolar depression
525,SLC6A4,solute carrier family 6 member 4,FLUOXETINE,Small molecule,CHEMBL41,2.0,['NCT00265291'],EFO_0003761,unipolar depression
526,GRIN2C,glutamate ionotropic receptor NMDA type subunit 2C,KETAMINE,Small molecule,CHEMBL742,2.0,['NCT03290963'],EFO_0003761,unipolar depression
527,HTR2A,5-hydroxytryptamine receptor 2A,QUETIAPINE,Small molecule,CHEMBL716,2.0,['NCT00681668'],EFO_0003761,unipolar depression
528,PGR,progesterone receptor,PROGESTERONE,Small molecule,CHEMBL103,2.0,['NCT00001481'],EFO_0003761,unipolar depression
529,HTR2A,5-hydroxytryptamine receptor 2A,PSILOCYBINE,Small molecule,CHEMBL194378,2.0,"['NCT04739865', 'NCT03775200']",EFO_0003761,unipolar depression
530,GABRA5,gamma-aminobutyric acid type A receptor subunit alpha5,PROPOFOL,Small molecule,CHEMBL526,2.0,['NCT03923361'],EFO_0003761,unipolar depression
531,GABRB3,gamma-aminobutyric acid type A receptor subunit beta3,BREXANOLONE,Small molecule,CHEMBL207538,2.0,"['NCT02614547', 'NCT02285504']",EFO_0003761,unipolar depression
532,SLC6A4,solute carrier family 6 member 4,LIAFENSINE,Small molecule,CHEMBL2364614,2.0,['NCT05113771'],EFO_0003761,unipolar depression
533,GABRP,gamma-aminobutyric acid type A receptor subunit pi,PROPOFOL,Small molecule,CHEMBL526,2.0,['NCT03684447'],EFO_0003761,unipolar depression
534,GRIN1,glutamate ionotropic receptor NMDA type subunit 1,KETAMINE,Small molecule,CHEMBL742,2.0,['NCT05383313'],EFO_0003761,unipolar depression
535,GABRA5,gamma-aminobutyric acid type A receptor subunit alpha5,MIDAZOLAM,Small molecule,CHEMBL655,2.0,['NCT00768430'],EFO_0003761,unipolar depression
536,GABRQ,gamma-aminobutyric acid type A receptor subunit theta,BREXANOLONE,Small molecule,CHEMBL207538,2.0,"['NCT02285504', 'NCT02614547']",EFO_0003761,unipolar depression
537,GABRP,gamma-aminobutyric acid type A receptor subunit pi,BREXANOLONE,Small molecule,CHEMBL207538,2.0,"['NCT02614547', 'NCT02285504']",EFO_0003761,unipolar depression
538,GABRD,gamma-aminobutyric acid type A receptor subunit delta,BREXANOLONE,Small molecule,CHEMBL207538,2.0,"['NCT02614547', 'NCT02285504']",EFO_0003761,unipolar depression
539,GABRG1,gamma-aminobutyric acid type A receptor subunit gamma1,MIDAZOLAM,Small molecule,CHEMBL655,2.0,['NCT00768430'],EFO_0003761,unipolar depression
540,OPRK1,opioid receptor kappa 1,ATICAPRANT,Small molecule,CHEMBL1921847,2.0,['NCT01913535'],EFO_0003761,unipolar depression
541,GRIN2B,glutamate ionotropic receptor NMDA type subunit 2B,KETAMINE HYDROCHLORIDE,Small molecule,CHEMBL1714,2.0,['NCT05383313'],EFO_0003761,unipolar depression
542,GRIN2D,glutamate ionotropic receptor NMDA type subunit 2D,KETAMINE,Small molecule,CHEMBL742,2.0,['NCT02882711'],EFO_0003761,unipolar depression
543,GABRG2,gamma-aminobutyric acid type A receptor subunit gamma2,PROPOFOL,Small molecule,CHEMBL526,2.0,['NCT03923361'],EFO_0003761,unipolar depression
544,GABRG3,gamma-aminobutyric acid type A receptor subunit gamma3,BREXANOLONE,Small molecule,CHEMBL207538,2.0,"['NCT02614547', 'NCT02285504']",EFO_0003761,unipolar depression
545,GABRQ,gamma-aminobutyric acid type A receptor subunit theta,PROPOFOL,Small molecule,CHEMBL526,2.0,['NCT03923361'],EFO_0003761,unipolar depression
546,ESR1,estrogen receptor 1,ESTRADIOL,Small molecule,CHEMBL135,2.0,['NCT00001481'],EFO_0003761,unipolar depression
547,GABRA3,gamma-aminobutyric acid type A receptor subunit alpha3,PROPOFOL,Small molecule,CHEMBL526,2.0,['NCT03923361'],EFO_0003761,unipolar depression
548,GRIN2D,glutamate ionotropic receptor NMDA type subunit 2D,KETAMINE,Small molecule,CHEMBL742,2.0,['NCT05383313'],EFO_0003761,unipolar depression
549,SLC6A4,solute carrier family 6 member 4,ESCITALOPRAM,Small molecule,CHEMBL1508,2.0,['NCT01219686'],EFO_0003761,unipolar depression
550,GABRB3,gamma-aminobutyric acid type A receptor subunit beta3,PROPOFOL,Small molecule,CHEMBL526,2.0,['NCT03923361'],EFO_0003761,unipolar depression
551,GABRQ,gamma-aminobutyric acid type A receptor subunit theta,PROPOFOL,Small molecule,CHEMBL526,2.0,['NCT03684447'],EFO_0003761,unipolar depression
552,GABRA2,gamma-aminobutyric acid type A receptor subunit alpha2,MIDAZOLAM,Small molecule,CHEMBL655,2.0,['NCT05383313'],EFO_0003761,unipolar depression
553,GRIN1,glutamate ionotropic receptor NMDA type subunit 1,KETAMINE HYDROCHLORIDE,Small molecule,CHEMBL1714,2.0,['NCT05383313'],EFO_0003761,unipolar depression
554,GABRD,gamma-aminobutyric acid type A receptor subunit delta,PROPOFOL,Small molecule,CHEMBL526,2.0,['NCT03684447'],EFO_0003761,unipolar depression
555,GABRG2,gamma-aminobutyric acid type A receptor subunit gamma2,BREXANOLONE,Small molecule,CHEMBL207538,2.0,"['NCT02614547', 'NCT02285504']",EFO_0003761,unipolar depression
556,GABRG2,gamma-aminobutyric acid type A receptor subunit gamma2,MIDAZOLAM,Small molecule,CHEMBL655,2.0,['NCT00768430'],EFO_0003761,unipolar depression
557,GRIN3A,glutamate ionotropic receptor NMDA type subunit 3A,KETAMINE,Small molecule,CHEMBL742,2.0,['NCT05383313'],EFO_0003761,unipolar depression
558,GRIN3B,glutamate ionotropic receptor NMDA type subunit 3B,KETAMINE,Small molecule,CHEMBL742,2.0,"['NCT05414422', 'NCT02935595', 'NCT01920555', 'NCT00768430']",EFO_0003761,unipolar depression
559,GABRA3,gamma-aminobutyric acid type A receptor subunit alpha3,MIDAZOLAM,Small molecule,CHEMBL655,2.0,['NCT00768430'],EFO_0003761,unipolar depression
560,GRIN3A,glutamate ionotropic receptor NMDA type subunit 3A,KETAMINE,Small molecule,CHEMBL742,2.0,['NCT03290963'],EFO_0003761,unipolar depression
561,GABRG1,gamma-aminobutyric acid type A receptor subunit gamma1,PROPOFOL,Small molecule,CHEMBL526,2.0,['NCT03684447'],EFO_0003761,unipolar depression
562,GABRB1,gamma-aminobutyric acid type A receptor subunit beta1,PROPOFOL,Small molecule,CHEMBL526,2.0,['NCT03923361'],EFO_0003761,unipolar depression
563,GABRG2,gamma-aminobutyric acid type A receptor subunit gamma2,PROPOFOL,Small molecule,CHEMBL526,2.0,['NCT03684447'],EFO_0003761,unipolar depression
564,GRIN2C,glutamate ionotropic receptor NMDA type subunit 2C,KETAMINE,Small molecule,CHEMBL742,2.0,['NCT02882711'],EFO_0003761,unipolar depression
565,GRIN2A,glutamate ionotropic receptor NMDA type subunit 2A,KETAMINE,Small molecule,CHEMBL742,2.0,['NCT05383313'],EFO_0003761,unipolar depression
566,GRIN2A,glutamate ionotropic receptor NMDA type subunit 2A,KETAMINE,Small molecule,CHEMBL742,2.0,"['NCT05414422', 'NCT00768430', 'NCT01920555', 'NCT02935595']",EFO_0003761,unipolar depression
567,GABRB2,gamma-aminobutyric acid type A receptor subunit beta2,PROPOFOL,Small molecule,CHEMBL526,2.0,['NCT03923361'],EFO_0003761,unipolar depression
568,GRIN2D,glutamate ionotropic receptor NMDA type subunit 2D,KETAMINE,Small molecule,CHEMBL742,2.0,['NCT03290963'],EFO_0003761,unipolar depression
569,GRIN3B,glutamate ionotropic receptor NMDA type subunit 3B,KETAMINE HYDROCHLORIDE,Small molecule,CHEMBL1714,2.0,['NCT05383313'],EFO_0003761,unipolar depression
570,GABRA3,gamma-aminobutyric acid type A receptor subunit alpha3,MIDAZOLAM,Small molecule,CHEMBL655,2.0,['NCT05383313'],EFO_0003761,unipolar depression
571,HTR2A,5-hydroxytryptamine receptor 2A,PSILOCYBINE,Small molecule,CHEMBL194378,2.0,"['NCT05029466', 'NCT04433858', 'NCT04433845']",EFO_0003761,unipolar depression
572,GABRE,gamma-aminobutyric acid type A receptor subunit epsilon,PROPOFOL,Small molecule,CHEMBL526,2.0,['NCT03923361'],EFO_0003761,unipolar depression
573,GRIN2B,glutamate ionotropic receptor NMDA type subunit 2B,KETAMINE,Small molecule,CHEMBL742,2.0,"['NCT01920555', 'NCT02935595', 'NCT05414422', 'NCT00768430']",EFO_0003761,unipolar depression
574,GABRG1,gamma-aminobutyric acid type A receptor subunit gamma1,BREXANOLONE,Small molecule,CHEMBL207538,2.0,"['NCT02285504', 'NCT02614547']",EFO_0003761,unipolar depression
575,GABRE,gamma-aminobutyric acid type A receptor subunit epsilon,BREXANOLONE,Small molecule,CHEMBL207538,2.0,"['NCT02614547', 'NCT02285504']",EFO_0003761,unipolar depression
576,GSK3A,glycogen synthase kinase 3 alpha,LITHIUM CARBONATE,Small molecule,CHEMBL1200826,2.0,['NCT03290963'],EFO_0003761,unipolar depression
577,OPRD1,opioid receptor delta 1,NALTREXONE,Small molecule,CHEMBL19019,2.0,['NCT01874951'],EFO_0003761,unipolar depression
578,OPRM1,opioid receptor mu 1,NALTREXONE,Small molecule,CHEMBL19019,2.0,['NCT01874951'],EFO_0003761,unipolar depression
579,GRIN3A,glutamate ionotropic receptor NMDA type subunit 3A,KETAMINE,Small molecule,CHEMBL742,2.0,['NCT02882711'],EFO_0003761,unipolar depression
580,GRIN2D,glutamate ionotropic receptor NMDA type subunit 2D,KETAMINE,Small molecule,CHEMBL742,2.0,"['NCT02935595', 'NCT00768430', 'NCT01920555', 'NCT05414422']",EFO_0003761,unipolar depression
581,GABRA4,gamma-aminobutyric acid type A receptor subunit alpha4,PROPOFOL,Small molecule,CHEMBL526,2.0,['NCT03684447'],EFO_0003761,unipolar depression
582,IMPA1,inositol monophosphatase 1,LITHIUM CARBONATE,Small molecule,CHEMBL1200826,2.0,['NCT03290963'],EFO_0003761,unipolar depression
583,GRIN2A,glutamate ionotropic receptor NMDA type subunit 2A,KETAMINE,Small molecule,CHEMBL742,2.0,['NCT03290963'],EFO_0003761,unipolar depression
584,GRIN2C,glutamate ionotropic receptor NMDA type subunit 2C,KETAMINE HYDROCHLORIDE,Small molecule,CHEMBL1714,2.0,['NCT05383313'],EFO_0003761,unipolar depression
585,GABRA1,gamma-aminobutyric acid type A receptor subunit alpha1,PROPOFOL,Small molecule,CHEMBL526,2.0,['NCT03923361'],EFO_0003761,unipolar depression
586,HTR2C,5-hydroxytryptamine receptor 2C,QUETIAPINE,Small molecule,CHEMBL716,2.0,['NCT00681668'],EFO_0003761,unipolar depression
587,GABRG3,gamma-aminobutyric acid type A receptor subunit gamma3,PROPOFOL,Small molecule,CHEMBL526,2.0,['NCT03684447'],EFO_0003761,unipolar depression
588,PTGS1,prostaglandin-endoperoxide synthase 1,ASPIRIN,Small molecule,CHEMBL25,2.0,['NCT03152409'],EFO_0003761,unipolar depression
589,GSK3B,glycogen synthase kinase 3 beta,LITHIUM CARBONATE,Small molecule,CHEMBL1200826,2.0,['NCT03290963'],EFO_0003761,unipolar depression
590,GABRA4,gamma-aminobutyric acid type A receptor subunit alpha4,BREXANOLONE,Small molecule,CHEMBL207538,2.0,"['NCT02614547', 'NCT02285504']",EFO_0003761,unipolar depression
591,GABRP,gamma-aminobutyric acid type A receptor subunit pi,PROPOFOL,Small molecule,CHEMBL526,2.0,['NCT03923361'],EFO_0003761,unipolar depression
592,GRIN2C,glutamate ionotropic receptor NMDA type subunit 2C,KETAMINE,Small molecule,CHEMBL742,2.0,"['NCT00768430', 'NCT02935595', 'NCT01920555', 'NCT05414422']",EFO_0003761,unipolar depression
593,HTR2A,5-hydroxytryptamine receptor 2A,PSILOCYBINE,Small molecule,CHEMBL194378,2.0,"['NCT05383313', 'NCT04959253']",EFO_0003761,unipolar depression
594,PGR,progesterone receptor,PROGESTERONE,Small molecule,CHEMBL103,2.0,['NCT04051320'],EFO_0003761,unipolar depression
595,GABRG1,gamma-aminobutyric acid type A receptor subunit gamma1,MIDAZOLAM,Small molecule,CHEMBL655,2.0,['NCT05383313'],EFO_0003761,unipolar depression
596,GABRA1,gamma-aminobutyric acid type A receptor subunit alpha1,BREXANOLONE,Small molecule,CHEMBL207538,2.0,"['NCT02285504', 'NCT02614547']",EFO_0003761,unipolar depression
597,GABRB1,gamma-aminobutyric acid type A receptor subunit beta1,PROPOFOL,Small molecule,CHEMBL526,2.0,['NCT03684447'],EFO_0003761,unipolar depression
598,GRIN3A,glutamate ionotropic receptor NMDA type subunit 3A,KETAMINE,Small molecule,CHEMBL742,2.0,"['NCT02935595', 'NCT00768430', 'NCT05414422', 'NCT01920555']",EFO_0003761,unipolar depression
599,CHRM1,cholinergic receptor muscarinic 1,SCOPOLAMINE,Small molecule,CHEMBL569713,2.0,['NCT00369915'],EFO_0003761,unipolar depression
600,SLC6A4,solute carrier family 6 member 4,CITALOPRAM,Small molecule,CHEMBL549,1.0,['NCT03516604'],EFO_0003761,unipolar depression
601,GABRG1,gamma-aminobutyric acid type A receptor subunit gamma1,PROPOFOL,Small molecule,CHEMBL526,1.0,['NCT04680910'],EFO_0003761,unipolar depression
602,DRD2,dopamine receptor D2,QUETIAPINE,Small molecule,CHEMBL716,1.0,['NCT04950868'],EFO_0003761,unipolar depression
603,GRIN3B,glutamate ionotropic receptor NMDA type subunit 3B,KETAMINE,Small molecule,CHEMBL742,1.0,['NCT02401139'],EFO_0003761,unipolar depression
604,GRIN3A,glutamate ionotropic receptor NMDA type subunit 3A,KETAMINE,Small molecule,CHEMBL742,1.0,['NCT02401139'],EFO_0003761,unipolar depression
605,GRIN2D,glutamate ionotropic receptor NMDA type subunit 2D,KETAMINE,Small molecule,CHEMBL742,1.0,"['NCT05168735', 'NCT04916548']",EFO_0003761,unipolar depression
606,GRIN2C,glutamate ionotropic receptor NMDA type subunit 2C,KETAMINE,Small molecule,CHEMBL742,1.0,"['NCT05168735', 'NCT04916548']",EFO_0003761,unipolar depression
607,GABRA5,gamma-aminobutyric acid type A receptor subunit alpha5,PROPOFOL,Small molecule,CHEMBL526,1.0,['NCT04680910'],EFO_0003761,unipolar depression
608,GABRB1,gamma-aminobutyric acid type A receptor subunit beta1,PROPOFOL,Small molecule,CHEMBL526,1.0,['NCT04680910'],EFO_0003761,unipolar depression
609,GABRE,gamma-aminobutyric acid type A receptor subunit epsilon,PROPOFOL,Small molecule,CHEMBL526,1.0,['NCT04680910'],EFO_0003761,unipolar depression
610,HTR2A,5-hydroxytryptamine receptor 2A,RISPERIDONE,Small molecule,CHEMBL85,1.0,['NCT01282632'],EFO_0003761,unipolar depression
611,GRIN2B,glutamate ionotropic receptor NMDA type subunit 2B,KETAMINE,Small molecule,CHEMBL742,1.0,"['NCT05168735', 'NCT04916548']",EFO_0003761,unipolar depression
612,GABRA4,gamma-aminobutyric acid type A receptor subunit alpha4,PROPOFOL,Small molecule,CHEMBL526,1.0,['NCT04680910'],EFO_0003761,unipolar depression
613,GABRQ,gamma-aminobutyric acid type A receptor subunit theta,PROPOFOL,Small molecule,CHEMBL526,1.0,['NCT04680910'],EFO_0003761,unipolar depression
614,GRIN3B,glutamate ionotropic receptor NMDA type subunit 3B,KETAMINE,Small molecule,CHEMBL742,1.0,"['NCT04916548', 'NCT05168735']",EFO_0003761,unipolar depression
615,DRD3,dopamine receptor D3,OLANZAPINE,Small molecule,CHEMBL715,1.0,['NCT01282632'],EFO_0003761,unipolar depression
616,GABRA1,gamma-aminobutyric acid type A receptor subunit alpha1,PROPOFOL,Small molecule,CHEMBL526,1.0,['NCT04680910'],EFO_0003761,unipolar depression
617,HTR2C,5-hydroxytryptamine receptor 2C,OLANZAPINE,Small molecule,CHEMBL715,1.0,['NCT01282632'],EFO_0003761,unipolar depression
618,SLC6A4,solute carrier family 6 member 4,TRAZODONE,Small molecule,CHEMBL621,1.0,['NCT05299398'],EFO_0003761,unipolar depression
619,GABRG2,gamma-aminobutyric acid type A receptor subunit gamma2,PROPOFOL,Small molecule,CHEMBL526,1.0,['NCT04680910'],EFO_0003761,unipolar depression
620,HTR2A,5-hydroxytryptamine receptor 2A,OLANZAPINE,Small molecule,CHEMBL715,1.0,['NCT01282632'],EFO_0003761,unipolar depression
621,GRIN2D,glutamate ionotropic receptor NMDA type subunit 2D,KETAMINE,Small molecule,CHEMBL742,1.0,['NCT02401139'],EFO_0003761,unipolar depression
622,HTR2C,5-hydroxytryptamine receptor 2C,QUETIAPINE,Small molecule,CHEMBL716,1.0,['NCT04950868'],EFO_0003761,unipolar depression
623,HTR2C,5-hydroxytryptamine receptor 2C,TRAZODONE,Small molecule,CHEMBL621,1.0,['NCT05299398'],EFO_0003761,unipolar depression
624,GABRP,gamma-aminobutyric acid type A receptor subunit pi,PROPOFOL,Small molecule,CHEMBL526,1.0,['NCT04680910'],EFO_0003761,unipolar depression
625,GRIN2B,glutamate ionotropic receptor NMDA type subunit 2B,KETAMINE,Small molecule,CHEMBL742,1.0,['NCT02401139'],EFO_0003761,unipolar depression
626,GRIN1,glutamate ionotropic receptor NMDA type subunit 1,KETAMINE,Small molecule,CHEMBL742,1.0,['NCT02401139'],EFO_0003761,unipolar depression
627,HTR2C,5-hydroxytryptamine receptor 2C,RISPERIDONE,Small molecule,CHEMBL85,1.0,['NCT01282632'],EFO_0003761,unipolar depression
628,GABRG3,gamma-aminobutyric acid type A receptor subunit gamma3,PROPOFOL,Small molecule,CHEMBL526,1.0,['NCT04680910'],EFO_0003761,unipolar depression
629,HTR2A,5-hydroxytryptamine receptor 2A,TRAZODONE,Small molecule,CHEMBL621,1.0,['NCT05299398'],EFO_0003761,unipolar depression
630,GRIN1,glutamate ionotropic receptor NMDA type subunit 1,KETAMINE,Small molecule,CHEMBL742,1.0,"['NCT04916548', 'NCT05168735']",EFO_0003761,unipolar depression
631,DRD2,dopamine receptor D2,RISPERIDONE,Small molecule,CHEMBL85,1.0,['NCT01282632'],EFO_0003761,unipolar depression
632,GRIN2A,glutamate ionotropic receptor NMDA type subunit 2A,KETAMINE,Small molecule,CHEMBL742,1.0,"['NCT04916548', 'NCT05168735']",EFO_0003761,unipolar depression
633,DRD2,dopamine receptor D2,OLANZAPINE,Small molecule,CHEMBL715,1.0,['NCT01282632'],EFO_0003761,unipolar depression
634,GABRA3,gamma-aminobutyric acid type A receptor subunit alpha3,PROPOFOL,Small molecule,CHEMBL526,1.0,['NCT04680910'],EFO_0003761,unipolar depression
635,GRIN2C,glutamate ionotropic receptor NMDA type subunit 2C,KETAMINE,Small molecule,CHEMBL742,1.0,['NCT02401139'],EFO_0003761,unipolar depression
636,GRIN2A,glutamate ionotropic receptor NMDA type subunit 2A,KETAMINE,Small molecule,CHEMBL742,1.0,['NCT02401139'],EFO_0003761,unipolar depression
637,DRD4,dopamine receptor D4,OLANZAPINE,Small molecule,CHEMBL715,1.0,['NCT01282632'],EFO_0003761,unipolar depression
638,GRIN3A,glutamate ionotropic receptor NMDA type subunit 3A,KETAMINE,Small molecule,CHEMBL742,1.0,"['NCT05168735', 'NCT04916548']",EFO_0003761,unipolar depression
639,GABRB3,gamma-aminobutyric acid type A receptor subunit beta3,PROPOFOL,Small molecule,CHEMBL526,1.0,['NCT04680910'],EFO_0003761,unipolar depression
640,GABRA6,gamma-aminobutyric acid type A receptor subunit alpha6,PROPOFOL,Small molecule,CHEMBL526,1.0,['NCT04680910'],EFO_0003761,unipolar depression
641,GABRD,gamma-aminobutyric acid type A receptor subunit delta,PROPOFOL,Small molecule,CHEMBL526,1.0,['NCT04680910'],EFO_0003761,unipolar depression
642,GABRA2,gamma-aminobutyric acid type A receptor subunit alpha2,PROPOFOL,Small molecule,CHEMBL526,1.0,['NCT04680910'],EFO_0003761,unipolar depression
643,GABRB2,gamma-aminobutyric acid type A receptor subunit beta2,PROPOFOL,Small molecule,CHEMBL526,1.0,['NCT04680910'],EFO_0003761,unipolar depression
644,HTR2A,5-hydroxytryptamine receptor 2A,QUETIAPINE,Small molecule,CHEMBL716,1.0,['NCT04950868'],EFO_0003761,unipolar depression
